user_id,group,revenue,crashes,stunts,tokens_spent,nft_purchased,xp,days_played
1,A,1.3347351765026199,1.0,2.0,1.159831757237991,0.0,96.82268617184032,2.0
2,B,1.462922433285234,7.0,6.0,1.744278053224902,0.0,1125.428784349208,22.0
3,B,3.1131699389236824,2.0,8.0,3.0846377704904753,0.0,149.7374121642109,4.0
4,B,0.556722132212325,1.0,7.0,0.3708469594355677,0.0,818.698529029998,14.0
5,A,0.3281704066533661,5.0,5.0,0.23654160846546524,0.0,1634.1965020185114,27.0
6,A,1.7491884865490672,2.0,2.0,1.2079220251826133,0.0,84.11759658173997,2.0
7,A,2.441270246359564,1.0,8.0,1.569265507560064,0.0,82.51535661648975,2.0
8,B,0.7838468430837158,5.0,7.0,0.2298238773936496,0.0,115.31610452505014,2.0
9,B,1.0449920641502584,3.0,9.0,2.7669196488289547,0.0,872.0001578852921,23.0
10,B,2.5010806055689194,3.0,3.0,0.7281425461871036,1.0,845.4331583702347,12.0
11,A,1.1044000016513351,4.0,7.0,0.7419264468237641,0.0,428.3066201747857,10.0
12,B,2.0064700791994774,7.0,6.0,6.0523598375658265,1.0,319.3352459798126,10.0
13,B,2.698047447295408,4.0,5.0,2.50575174401007,0.0,1847.9358726502462,25.0
14,A,1.5995701597792,3.0,4.0,1.0353617456736706,0.0,1009.9286025630603,23.0
15,A,1.364597767983534,3.0,3.0,3.127023528246637,0.0,702.2747035408144,15.0
16,A,0.43704080401192547,6.0,3.0,0.17238101087372876,0.0,1172.4511331904207,22.0
17,A,2.4006516551255497,4.0,6.0,2.3534007822731553,0.0,505.7870321228363,12.0
18,B,3.5725088732279007,5.0,9.0,0.7912950589928581,0.0,71.49362648117324,1.0
19,A,1.131284660694531,9.0,5.0,0.2808586338856457,0.0,562.6381430999074,11.0
20,A,1.8972626435821174,3.0,1.0,0.05609801428206643,0.0,871.6328085277192,17.0
21,B,2.7618210614335474,5.0,8.0,0.6836929980897773,0.0,1114.721697406827,19.0
22,A,2.2365999875611484,2.0,8.0,0.30790867265648736,0.0,999.6616479129301,18.0
23,A,0.7596964581318524,3.0,9.0,2.1725303532560476,0.0,670.4915489586859,14.0
24,A,0.8164171258070897,2.0,4.0,0.7791086757735632,0.0,991.4543862416015,17.0
25,A,0.9089792606536877,5.0,7.0,3.089699765659107,0.0,805.3546809204568,15.0
26,B,5.413786470133117,2.0,6.0,1.483407966260125,0.0,1512.3267236540357,23.0
27,A,2.709204675481685,4.0,3.0,1.115737442460758,0.0,638.9015914058573,12.0
28,B,3.5672318205977054,4.0,5.0,0.1649046649139369,0.0,845.8029315247711,16.0
29,B,1.6223680144549524,7.0,12.0,0.2503930490183389,0.0,547.7332162321736,15.0
30,A,0.5305770872438073,3.0,7.0,0.03375243792219062,0.0,1201.3142562533606,27.0
31,B,1.176666728830152,3.0,7.0,0.3868245796275679,0.0,809.7295699636686,14.0
32,A,3.023676350654172,5.0,5.0,1.8919453692606987,0.0,843.9301437855602,16.0
33,A,1.3534594999090663,3.0,6.0,0.1751933185447648,0.0,1231.0262129684809,23.0
34,B,1.6581754741072388,6.0,7.0,2.98085431306556,0.0,325.340916388428,9.0
35,B,2.824912362069511,8.0,5.0,1.44250639739586,0.0,1591.213727459801,29.0
36,B,1.27528621806669,6.0,6.0,0.02124670256561038,0.0,843.3156675408818,21.0
37,A,1.4250217804983334,1.0,8.0,2.3365469651246498,0.0,264.1446351656623,6.0
38,A,2.1694322536049113,3.0,2.0,0.2760691541026107,0.0,123.88564926723717,2.0
39,B,2.875820755379724,3.0,5.0,2.2387519033517282,0.0,1534.2141900123706,23.0
40,A,1.2426173955924749,7.0,4.0,0.6357026710853954,0.0,152.47011799676181,2.0
41,A,2.418719490291935,3.0,9.0,2.148642091864325,0.0,694.8590573531062,16.0
42,A,0.7588523845283299,2.0,4.0,4.626234125109984,0.0,90.59628981300732,2.0
43,A,2.9599657270372908,5.0,4.0,0.6964712490221858,0.0,364.39799701952495,8.0
44,B,2.6658225139763525,4.0,6.0,1.1022197572483337,0.0,893.4303898708789,15.0
45,A,0.8086023560426135,2.0,3.0,2.6526524019865847,0.0,258.33061853603726,7.0
46,B,0.8324018347787555,2.0,6.0,1.4301818458681828,0.0,1641.6312392650534,26.0
47,A,3.034613347980334,4.0,4.0,0.3175494232480993,0.0,41.23709444266538,1.0
48,B,3.52491231760419,3.0,7.0,0.481892779745914,0.0,413.58456242976064,7.0
49,B,2.2752160726238433,5.0,5.0,1.6049521346791966,0.0,310.2790580932392,4.0
50,A,0.8266522655911226,1.0,4.0,2.4689954639616714,0.0,234.28911906608687,4.0
51,B,5.251354679856174,4.0,5.0,7.7411134531501515,0.0,1412.6447443661627,21.0
52,B,1.7456026807193685,2.0,6.0,0.15256307667335456,0.0,1357.9823167952848,18.0
53,B,1.4142573579091888,4.0,10.0,0.6679195101563912,1.0,353.59516720553324,8.0
54,B,0.745371910519942,6.0,3.0,0.5567776914187211,0.0,581.8677157454022,12.0
55,B,0.735403825238979,6.0,4.0,0.5714993767546581,1.0,388.804010804599,15.0
56,B,3.2607464295352364,8.0,6.0,0.9519029092938495,0.0,754.370152534536,15.0
57,A,0.9300969498117595,3.0,6.0,1.6071994142895911,0.0,540.9785106087035,11.0
58,A,0.4741656130023633,8.0,7.0,0.32117073942314683,0.0,1383.8032672360505,20.0
59,A,0.6012743361903944,3.0,3.0,0.5403876648388598,0.0,329.80471696045925,7.0
60,A,1.1356019404053237,5.0,6.0,0.21194946888313576,0.0,974.9431487534265,18.0
61,A,1.391383489380593,6.0,8.0,0.7242491847533398,0.0,163.82824640261288,4.0
62,A,2.3014218099488377,5.0,7.0,0.34157217735680245,0.0,831.269179466432,17.0
63,B,4.925873398564187,0.0,9.0,3.4087039735829365,0.0,927.7480208388298,17.0
64,A,0.9837736178863606,4.0,3.0,1.5492281998764308,0.0,1475.4681233075994,29.0
65,A,1.5474939288511318,3.0,4.0,7.805903486611685,0.0,839.8155306670328,29.0
66,B,1.6414161616576446,5.0,7.0,4.880448449434766,0.0,120.42348960566277,2.0
67,A,1.3236463069399884,4.0,6.0,0.018122783481093155,0.0,459.2541248009583,11.0
68,B,1.5653590409347533,2.0,10.0,0.4518325020390521,0.0,583.5442964768056,12.0
69,A,1.6706764968858885,0.0,8.0,1.167795578188731,0.0,619.9523482553408,11.0
70,B,1.8598960725911262,5.0,6.0,1.5659246982324753,0.0,191.5104403267985,3.0
71,B,3.678724308297297,1.0,10.0,2.0261483396912237,0.0,440.9728106762898,7.0
72,A,0.6800342169495762,8.0,3.0,1.2788004059253772,0.0,1116.533486644121,20.0
73,A,0.7495902556933345,2.0,4.0,3.683758082352382,0.0,412.6787087968722,11.0
74,B,0.8385886115753622,2.0,6.0,1.4755673586357216,0.0,295.90280808437694,6.0
75,B,2.0882231377432805,3.0,16.0,1.1385923639357363,0.0,608.9834063177683,14.0
76,B,3.3081841183706215,4.0,7.0,0.4263258127797431,1.0,1283.1905581021053,23.0
77,B,2.480770816090601,1.0,1.0,1.3397183633670806,1.0,1517.1803876283896,27.0
78,A,0.680256748247507,4.0,3.0,1.0578458414638212,0.0,695.8557259908514,15.0
79,A,2.6048114481399978,0.0,8.0,1.1769118533947545,0.0,368.2540405953197,14.0
80,A,2.9787605935370465,1.0,1.0,0.9570024572111091,0.0,849.4156998741595,17.0
81,B,0.08084890528807256,3.0,14.0,1.0257047782404505,0.0,238.53567488855393,5.0
82,B,2.7708326831507,5.0,3.0,3.1749943851936817,1.0,207.5579899856913,4.0
83,A,0.7231604048336157,7.0,3.0,0.4698163762316322,0.0,125.20599775439169,2.0
84,A,0.7353980719551668,4.0,7.0,0.08648996220803298,0.0,1134.6519485758045,18.0
85,A,1.8372105605393207,5.0,5.0,0.7880403170083983,0.0,1002.8910068998093,16.0
86,A,3.1983441607227485,1.0,9.0,0.08103732938069719,0.0,663.236163772579,12.0
87,B,2.4967835657286,3.0,10.0,2.884496866791984,0.0,569.7853455834154,15.0
88,B,4.131441953853742,5.0,4.0,0.28773769512733655,0.0,441.99824653007323,7.0
89,B,4.684371885736609,7.0,6.0,0.18536917501963682,0.0,190.01038277613873,3.0
90,A,3.658451738210241,5.0,5.0,1.1994040081140263,0.0,615.8204577477085,10.0
91,A,0.6958898379347475,1.0,4.0,0.5507236458187603,0.0,1347.0064290630298,28.0
92,B,4.0023463204023075,3.0,7.0,4.775282798815093,1.0,722.642003749111,13.0
93,B,1.8669251640181679,3.0,10.0,1.5336235621895418,0.0,641.8602413053636,10.0
94,B,0.4202638772901443,6.0,12.0,3.90105470586565,0.0,1301.1991979409086,23.0
95,B,1.5571587118773513,5.0,6.0,0.11982088501000557,0.0,148.79038568453848,2.0
96,A,0.850204875690818,2.0,5.0,1.1440751895410286,0.0,716.5006934521615,16.0
97,B,1.8256047592877642,3.0,11.0,1.4952726958763607,0.0,473.31720421098646,12.0
98,A,1.4445390126820954,1.0,7.0,0.21632001635172968,0.0,184.21845657594946,3.0
99,A,1.4957662771249052,4.0,3.0,4.046332433197855,0.0,423.0767649636959,8.0
100,A,1.0139546258714387,3.0,6.0,3.373868560507029,0.0,865.2858549111112,27.0
101,A,0.5837303244788726,1.0,7.0,0.31607508254719463,0.0,1367.6471371459215,22.0
102,B,4.887113738583384,3.0,10.0,1.5505657171008977,0.0,1607.801585012624,28.0
103,A,1.1369852790980135,3.0,4.0,0.6311215792866417,0.0,1051.6329223060327,22.0
104,B,0.988547557976219,5.0,8.0,3.942279978833222,0.0,1580.1644396133092,24.0
105,B,0.5720122008934758,3.0,7.0,0.20541695579649039,0.0,2041.3456086786573,28.0
106,A,3.655897079224033,2.0,4.0,1.425907064373391,0.0,1083.218574999159,25.0
107,A,0.7586333797120202,2.0,4.0,0.15086829451299874,0.0,1434.9370925908374,24.0
108,B,1.281569537186915,1.0,8.0,0.5500465712373137,1.0,1419.2398244851543,22.0
109,A,1.3808136178919936,1.0,3.0,0.656752712677475,0.0,116.88130452644036,2.0
110,A,5.264203579403301,3.0,4.0,0.4337493335243916,0.0,889.4862812779393,22.0
111,A,0.7496765107345161,2.0,2.0,3.7068026057953563,0.0,48.42912209660518,1.0
112,A,1.8977510627907919,3.0,7.0,2.8709988243564517,0.0,1186.5555718027208,29.0
113,B,1.032010255440071,5.0,6.0,1.0435652456988938,0.0,510.5308215737871,12.0
114,B,0.5222382194151551,7.0,10.0,4.017466317985876,0.0,667.6488883984487,19.0
115,B,1.6671673643437457,3.0,11.0,5.589940748629709,0.0,1006.2680305438553,19.0
116,B,1.8761028067284486,1.0,6.0,9.846518355511893,0.0,1246.153014120688,21.0
117,B,0.49410011604449755,4.0,9.0,6.397827129379111,0.0,199.0104619204186,3.0
118,A,3.7577469221646913,3.0,6.0,1.3006536178505557,0.0,576.5277387440672,14.0
119,B,1.4077149103194986,4.0,6.0,0.011918956624400009,0.0,251.12616323601435,6.0
120,B,0.9802799641567288,8.0,8.0,0.09776785418320609,1.0,124.65771341634982,2.0
121,B,1.9191846090879332,3.0,9.0,0.3194147574798391,0.0,548.843059979304,24.0
122,B,2.052950386410694,4.0,8.0,0.8580676525776503,0.0,599.638974528539,13.0
123,A,1.7859810692432068,5.0,7.0,1.1020364559916205,0.0,501.8109003141104,25.0
124,A,2.4827854622694625,6.0,5.0,4.004523986607031,0.0,159.44032168836117,4.0
125,A,2.0763033193562044,3.0,4.0,4.041837556835952,0.0,193.15410842260522,4.0
126,A,1.687752617789899,5.0,5.0,5.226711581961332,0.0,195.003906682616,9.0
127,B,0.9804392079073684,4.0,10.0,3.5429495749476976,0.0,1763.7298855786094,27.0
128,B,3.505021567654146,8.0,5.0,4.4634369357564,0.0,1139.7532300939054,28.0
129,A,2.914495248601059,2.0,4.0,0.20094674521493833,0.0,108.84442647521428,3.0
130,B,1.7970347923610817,3.0,9.0,0.41364101576052587,0.0,1127.4390721963127,27.0
131,A,1.8565779419007864,2.0,7.0,0.26252650224436863,0.0,280.3525875537918,5.0
132,A,1.0220656155202807,4.0,5.0,1.6939321702019616,0.0,35.87696855753187,1.0
133,A,1.3043371523513854,3.0,6.0,1.169478134007965,0.0,1065.4088010923665,22.0
134,A,1.5325562893856823,2.0,5.0,0.027957792170590863,0.0,635.860668544926,19.0
135,B,1.0179926994169426,2.0,3.0,1.933401210132123,0.0,438.2543134994975,9.0
136,A,0.8460860653747633,1.0,2.0,0.09596807436958915,0.0,54.09437554321639,1.0
137,B,0.46443695625866,3.0,8.0,4.986570950188511,0.0,742.610784903868,13.0
138,B,2.1290115726165406,5.0,10.0,1.2462415009011372,0.0,957.1896404928258,23.0
139,A,1.3480233653151459,5.0,4.0,3.284961546143111,0.0,467.4246000938268,10.0
140,B,2.4928524851468223,5.0,2.0,0.2186111788157096,0.0,764.5763388530197,14.0
141,B,1.2276339284505808,6.0,5.0,1.2242910352053054,0.0,946.4632998349888,19.0
142,A,1.2091363547190783,3.0,4.0,3.047358222384693,0.0,898.1116853259144,22.0
143,A,1.8526074132654191,4.0,6.0,0.6630479761773482,0.0,282.66005671546657,12.0
144,A,4.416812682317231,1.0,11.0,3.3253078201772768,0.0,410.61344446675196,10.0
145,A,1.406856719368403,3.0,6.0,1.350903195138612,0.0,113.29483358472484,2.0
146,A,3.251649932776237,4.0,8.0,2.459116323868014,0.0,1048.009448579433,16.0
147,B,1.9618131257473863,5.0,3.0,0.9425525647724062,0.0,757.847023947427,11.0
148,B,4.6842327189511375,5.0,7.0,1.7238797146188016,1.0,688.7248327955151,14.0
149,A,1.8067572227843145,2.0,5.0,0.8364332266215857,0.0,382.4593919255483,8.0
150,A,1.34356046398619,2.0,3.0,0.18053920511700572,0.0,685.9885314952273,14.0
151,B,3.160379714082582,6.0,7.0,1.1548523055434234,0.0,885.4411810982814,16.0
152,A,0.8079435518245938,2.0,5.0,0.8530186433053419,0.0,1253.535558955519,29.0
153,A,1.3510017531507144,4.0,1.0,0.9167973385411832,0.0,934.3925042048893,15.0
154,A,1.2910036094766784,5.0,8.0,1.2009121636138986,0.0,761.4945565712338,16.0
155,B,0.20637286545436123,0.0,5.0,0.03499626016321087,0.0,569.9604540208413,10.0
156,A,0.6414512699825385,2.0,6.0,0.16737427293013152,0.0,648.310158566679,11.0
157,B,1.0086410116062112,3.0,7.0,10.231236233401884,0.0,999.2630500742534,20.0
158,B,1.6094499624755896,1.0,9.0,1.5685094536402613,0.0,1027.7826523511949,16.0
159,A,0.73095659877923,2.0,4.0,7.134314599300328,0.0,629.7850823308171,12.0
160,B,1.8687805678035716,6.0,3.0,1.283504653500971,0.0,1868.4781619669282,28.0
161,A,1.5418301610264067,4.0,7.0,0.4198423486271373,0.0,102.45810588525246,2.0
162,B,1.991513329474917,1.0,7.0,6.185251758810236,0.0,1277.4427453242831,26.0
163,B,2.388436550709741,7.0,11.0,0.3388747136450699,0.0,117.03488733666165,2.0
164,B,1.6484609818092513,3.0,9.0,0.4195604851411533,0.0,1096.7413177441995,25.0
165,A,3.230346184281322,0.0,1.0,0.3320035363506728,0.0,159.1897589121499,4.0
166,B,1.7938976343485802,3.0,7.0,3.300673455880685,0.0,988.249926304234,16.0
167,A,1.1082514255853004,3.0,7.0,1.1223649728473064,0.0,203.47783902943758,3.0
168,A,0.28637078753818224,0.0,3.0,1.1557169362993565,0.0,581.9340317341282,9.0
169,A,0.46574102370213266,2.0,9.0,0.8692476531982154,0.0,1309.3552158618045,18.0
170,B,3.266115280130989,3.0,3.0,0.6044576100539533,0.0,809.114274437853,14.0
171,B,2.157685907432435,3.0,9.0,3.211161783536805,0.0,1063.2869578764578,21.0
172,A,1.9310228530743054,2.0,4.0,2.216905079165853,0.0,741.1159091887578,19.0
173,B,0.6833276484607832,4.0,7.0,0.6336272316847982,0.0,1650.8572876936241,28.0
174,A,0.34999039408436655,1.0,2.0,1.09053503213212,0.0,368.4821350422484,7.0
175,B,1.9105836328621113,5.0,4.0,0.06750167136092167,0.0,1118.0568236623944,18.0
176,A,2.1460485671501996,4.0,4.0,1.4112419405194288,0.0,168.26743836332102,4.0
177,B,1.6126736213311763,4.0,9.0,1.4555382200634508,0.0,1813.8809976878335,26.0
178,A,1.8584154902921626,5.0,6.0,1.929653912608608,0.0,326.61969717440616,6.0
179,B,0.29884326786286547,2.0,3.0,0.4380202965304423,0.0,358.6187166644893,6.0
180,A,1.0793172663742898,1.0,2.0,0.038015330264118616,0.0,1005.5224134199368,19.0
181,A,0.646445236969895,4.0,1.0,1.2682039387630535,0.0,45.860135528750796,1.0
182,A,0.9619594466383125,0.0,7.0,3.2337644562616026,0.0,763.4208330385924,16.0
183,B,1.9795246288154975,3.0,12.0,2.8363652025564976,0.0,459.6264707174344,7.0
184,B,0.7639661934200336,4.0,6.0,2.0499782531821467,0.0,1012.1574365128376,13.0
185,A,1.514614074338258,6.0,7.0,0.026312554345507964,0.0,779.9844976101112,11.0
186,B,3.297202946022241,2.0,4.0,5.14361500919271,1.0,85.18482224068038,2.0
187,B,2.3657811039986654,3.0,7.0,3.055608547455331,0.0,1035.8380433804134,15.0
188,B,0.6504695001201819,0.0,4.0,0.3987953462531788,0.0,755.6536847289707,17.0
189,B,3.202013258459405,8.0,6.0,3.2204588178175846,0.0,603.7017206250146,13.0
190,A,0.3617692222270633,5.0,6.0,0.7792499656346829,0.0,1070.231309745773,22.0
191,A,3.0182007173398957,1.0,8.0,3.910152855864445,0.0,111.89693371760856,4.0
192,B,4.173350576537352,4.0,9.0,2.0529761010209175,0.0,384.008827503561,7.0
193,B,1.4727914102690782,3.0,10.0,2.2109816337526706,0.0,47.24763000612634,1.0
194,B,1.60583748979587,8.0,10.0,3.5707146451888794,0.0,135.72364657367712,3.0
195,A,1.5046021598933208,5.0,7.0,0.6534714845480045,0.0,803.4928063442783,18.0
196,A,1.630025209156509,1.0,5.0,0.9207523148269408,0.0,898.0881134224018,23.0
197,B,3.0032471575189623,5.0,6.0,1.7058060696845445,1.0,1085.5028629813337,20.0
198,B,3.9793979659876233,3.0,6.0,1.2547320424580315,0.0,918.0182198186473,18.0
199,B,0.3916470651356211,5.0,4.0,2.024728100061991,0.0,329.1145713159255,7.0
200,B,0.7192451555307705,1.0,9.0,0.7075224685710971,0.0,914.940755547387,21.0
201,B,1.300476969301962,4.0,9.0,0.40324639611041385,1.0,1225.7304556649917,17.0
202,A,1.8492128749835512,4.0,6.0,5.988336773415612,0.0,1060.8605384256484,26.0
203,A,2.827189866497202,2.0,6.0,0.3334480979442158,0.0,1655.7108067111565,29.0
204,B,1.4089881036912035,3.0,12.0,1.917289455239559,0.0,1136.73270104882,28.0
205,B,2.9476676866369274,1.0,6.0,0.5327503544916748,0.0,635.8541424325527,12.0
206,A,1.3534259690173023,1.0,7.0,0.10122257473643642,0.0,1649.4555632997108,28.0
207,A,1.9318414875598156,3.0,6.0,2.9429954808065304,0.0,1205.5161916500467,29.0
208,B,3.9923401116241566,3.0,5.0,0.1665786814931023,0.0,1094.6411548819294,16.0
209,A,0.6559506037583346,3.0,3.0,3.0427273457497455,0.0,222.46576353921404,5.0
210,A,3.6682623909267287,6.0,3.0,0.9582096304636551,0.0,946.4050529622949,22.0
211,B,4.180550924994983,4.0,8.0,0.001108676404577195,0.0,1553.1496222777623,24.0
212,B,0.38205494738596896,1.0,10.0,1.874617141622342,0.0,578.0457936753655,10.0
213,B,0.9352666289471592,6.0,7.0,0.8993004515609246,1.0,1092.8748245292606,23.0
214,A,1.2863055199915172,0.0,1.0,1.0829595463493737,0.0,391.08625382370826,6.0
215,B,1.1225876094396519,2.0,7.0,2.7911624672619757,0.0,876.3992192846554,16.0
216,A,0.653086439175074,3.0,5.0,2.7100633118134096,1.0,1480.199713188988,25.0
217,A,0.8081205349458748,5.0,3.0,2.0123228214309234,0.0,1589.5434054220689,28.0
218,B,0.9321901783645864,4.0,5.0,0.9405718127662844,0.0,830.2231122447322,20.0
219,B,2.3609857632036158,4.0,5.0,1.3310774443683144,0.0,928.4109230877613,18.0
220,B,2.552890691167885,6.0,2.0,1.045408366727596,0.0,770.9517940510854,15.0
221,B,1.7781181902470566,3.0,5.0,2.1029314695975705,0.0,1208.7779491824165,23.0
222,B,1.6607994874537104,3.0,14.0,0.8805453326279286,0.0,500.9826974243407,11.0
223,A,0.15669993674095176,1.0,9.0,0.4621312866380785,0.0,79.35885373225229,2.0
224,A,0.8037965057975002,3.0,8.0,0.02555651321076808,0.0,394.8888803163218,12.0
225,A,0.06110947946609163,4.0,4.0,0.9800250346053261,0.0,1370.705002704025,22.0
226,A,2.0306145251043293,2.0,2.0,2.937560671652726,1.0,622.7025067436444,9.0
227,B,1.3428622576718092,2.0,3.0,6.635605822427079,0.0,623.6896833192116,18.0
228,A,1.5949342461759313,3.0,3.0,3.3926639921737562,0.0,908.1605133063356,28.0
229,B,1.4630434997283168,7.0,9.0,5.5023430052119275,0.0,420.1334343443359,6.0
230,B,4.651531660487611,2.0,10.0,3.7681166902012184,0.0,67.35723516825063,1.0
231,B,2.803425248607151,4.0,4.0,5.05897817616384,0.0,1506.4045882309401,23.0
232,B,1.3812191624192958,5.0,5.0,1.1925480400909638,0.0,416.78721771301457,7.0
233,B,1.637994320032063,2.0,5.0,1.5375974730229276,0.0,684.5322097326123,12.0
234,A,0.49283320423168797,7.0,2.0,4.693079620947663,0.0,1448.2973570246063,20.0
235,A,1.1240790722417873,1.0,4.0,3.174945685906169,0.0,1419.2564755739033,29.0
236,B,2.39735020153556,5.0,9.0,2.710309288720279,0.0,933.5155065927825,20.0
237,A,1.1634140934178128,3.0,4.0,1.3014064142594561,0.0,620.1809314807833,12.0
238,A,0.40173196570127284,3.0,5.0,0.8821151784120644,0.0,1067.8130761502177,29.0
239,B,0.6502829088874154,5.0,5.0,2.3824154181315906,1.0,191.832337430066,4.0
240,A,0.9781580817966825,1.0,8.0,2.236481625927793,0.0,419.2813754156268,13.0
241,B,1.9566135874383623,3.0,8.0,4.426926142732421,0.0,724.6426564394553,10.0
242,B,2.7036174285922376,4.0,6.0,2.5198946191601066,0.0,1579.0926508806328,21.0
243,B,2.4803761435191842,4.0,7.0,12.317125045104087,0.0,105.56591837654157,2.0
244,A,1.1911323497869908,1.0,6.0,2.0195817922516928,0.0,738.7732224775011,27.0
245,A,0.9572460389181289,2.0,3.0,1.1587513362348068,0.0,1326.7809219349813,22.0
246,B,0.9502660123925728,2.0,5.0,0.8569735694619711,0.0,495.40653093600065,9.0
247,A,0.652514167256294,2.0,5.0,0.13706704599010713,0.0,1130.9705976909138,23.0
248,B,1.0963501747377493,3.0,9.0,3.5794958942646526,0.0,637.8785866291272,10.0
249,B,0.2628231368266475,3.0,3.0,2.392239592355023,0.0,1122.431974889659,20.0
250,B,2.8917231688345786,3.0,3.0,2.3513308330815033,0.0,627.3125612421709,11.0
251,A,0.4754166123795147,6.0,6.0,3.9071851070020367,1.0,928.3330093114507,17.0
252,A,0.9306287512005311,1.0,3.0,0.9121135039702881,0.0,306.6558476071375,5.0
253,B,5.89040654549887,6.0,10.0,0.788562546504546,0.0,1357.0602213915383,25.0
254,A,0.7228761723863467,3.0,8.0,0.6772646267855089,0.0,980.8400903975338,20.0
255,A,1.7643759334612772,3.0,8.0,1.4896256311229066,0.0,869.6306549665992,13.0
256,B,0.8447157634876823,1.0,5.0,3.0798404200048894,0.0,612.4435680353547,14.0
257,B,3.554919561331353,2.0,1.0,4.612704807765495,0.0,151.57155430265973,3.0
258,B,5.57076635981574,3.0,2.0,0.4932042838923859,0.0,1334.9001266733942,25.0
259,B,1.245272074743462,1.0,7.0,1.9643100608884991,0.0,24.7587918241716,1.0
260,A,2.9432003563926497,4.0,5.0,1.680541454204452,0.0,1210.629922123714,29.0
261,B,1.639617482189355,6.0,10.0,0.995604360001441,0.0,392.35111389116906,7.0
262,B,2.1099586943800275,4.0,7.0,9.121946689964394,0.0,331.4831622125453,4.0
263,A,2.2176174642951625,2.0,4.0,0.3548902408832104,0.0,595.7103457037331,13.0
264,B,2.428347440376984,3.0,7.0,1.3033687955703435,0.0,348.9329974405725,7.0
265,B,2.18796659933944,9.0,4.0,0.5183710957608582,0.0,886.3602274647786,16.0
266,B,1.3202729335641492,5.0,6.0,0.962072936315746,0.0,449.14168342585674,10.0
267,B,2.676124920570246,6.0,9.0,2.121699063036326,0.0,628.0981277843747,15.0
268,B,1.343282988857039,5.0,8.0,0.15827986851630307,0.0,820.4623904348349,16.0
269,A,1.2213883405502532,3.0,2.0,2.720444944987133,0.0,409.7178250124361,10.0
270,A,0.6742513080739622,4.0,6.0,0.5136025685940632,0.0,875.3259385130979,15.0
271,B,2.289889925298433,3.0,4.0,1.85067264137697,0.0,375.3451114502477,6.0
272,B,1.7333225000284973,4.0,11.0,5.353822941197077,0.0,208.77983583941787,4.0
273,B,0.34279219985459114,5.0,9.0,3.7990829975424285,0.0,202.04429159693998,4.0
274,B,3.888221741570064,7.0,3.0,0.1401444861506919,0.0,1462.7315658905354,24.0
275,B,1.1196115901425245,1.0,12.0,10.038306560427825,0.0,1320.226804685044,23.0
276,B,4.133173485138022,6.0,0.0,2.399476390596384,0.0,233.40514436341746,4.0
277,B,3.465464093279198,3.0,6.0,0.35414469441875734,0.0,1870.655398924848,27.0
278,B,2.0669741161700026,5.0,4.0,0.02498762564774304,0.0,1491.0634365014616,22.0
279,B,2.5125643976576253,3.0,4.0,0.375752236797684,0.0,1604.8753672671119,22.0
280,B,2.7156285302054872,5.0,8.0,3.6424909279159894,0.0,687.5823513643724,17.0
281,B,1.5324311549372849,4.0,12.0,0.04375377706683821,0.0,848.7318474923906,13.0
282,A,2.1770424033242337,2.0,5.0,0.3099532049619146,0.0,917.0340106320257,15.0
283,A,1.8399518693254375,3.0,6.0,0.7823240088635532,0.0,818.4739582899201,18.0
284,A,2.8080621494385927,2.0,7.0,1.9671147722567823,0.0,649.2334767213229,18.0
285,B,1.5858545815440825,6.0,4.0,0.5309210954249366,0.0,149.49975039724205,2.0
286,A,1.3545022440867625,4.0,3.0,5.048376704929607,0.0,124.61222668483447,2.0
287,A,3.5436754889005173,1.0,9.0,2.485433286887156,0.0,947.4277005993048,23.0
288,B,2.629815672071616,4.0,5.0,2.8319044420943444,0.0,708.1625584287132,20.0
289,A,1.35481290565771,3.0,2.0,4.2288508999889105,0.0,505.69189514315656,11.0
290,B,1.7464917603389132,6.0,6.0,1.7643126714586888,0.0,328.5532034391166,6.0
291,A,0.6714454490263435,5.0,0.0,0.227291341953124,0.0,510.47663995675254,13.0
292,A,0.7817395690658304,2.0,6.0,0.11075530383025815,0.0,581.6204417602513,11.0
293,B,1.3235249392177517,5.0,8.0,3.0532814838055837,0.0,1066.5774214059315,22.0
294,A,1.705804506465904,4.0,4.0,1.2236664906043748,0.0,169.20151689981648,4.0
295,A,0.7212216316092542,2.0,6.0,0.5143640804258434,0.0,855.2111036306012,15.0
296,B,0.9627478328585017,2.0,11.0,2.742027444665653,0.0,54.70797680486584,1.0
297,B,2.3350679779270718,1.0,6.0,0.10385306783394255,1.0,550.1099151175358,8.0
298,A,3.527739227998025,1.0,4.0,2.640870695312111,0.0,976.852852861042,22.0
299,B,1.0909758402227576,1.0,5.0,4.460741322376489,0.0,688.5211306891372,18.0
300,A,1.607060439520466,3.0,5.0,1.6720570407745634,0.0,1273.7042575417647,23.0
301,A,1.2013483594753713,4.0,2.0,5.296694180128943,0.0,1018.8287695111783,25.0
302,B,3.096824024263155,3.0,6.0,0.5150348280282366,0.0,1680.2557248800335,29.0
303,B,3.2660932758241525,5.0,5.0,1.6121500246682656,0.0,1012.7169052150089,21.0
304,B,2.499773731051262,3.0,5.0,2.06726860868602,0.0,276.52679767289044,4.0
305,B,2.851963806986683,5.0,5.0,0.369356369046298,0.0,300.25606532745724,5.0
306,B,2.504690788614793,4.0,8.0,7.478767736422929,0.0,265.5352035184751,5.0
307,B,2.9846148272718334,3.0,9.0,1.3394706041523705,1.0,695.7389455631833,15.0
308,A,1.27853499383456,7.0,5.0,0.441138573446692,0.0,684.888916517903,11.0
309,B,2.9029093824470125,6.0,6.0,0.11874154457325525,0.0,868.9506271822158,10.0
310,A,0.9491907291339302,4.0,4.0,0.9976681360872841,0.0,810.0175316763689,18.0
311,A,0.21511994492481762,6.0,3.0,1.04344682711825,0.0,814.4109126003893,16.0
312,A,0.7822236266082028,4.0,5.0,0.4100314008599891,0.0,381.20996211659167,10.0
313,A,3.245449660388899,1.0,3.0,1.337738923296388,0.0,598.0703864807538,12.0
314,B,2.251663762646899,5.0,10.0,5.537577336091172,0.0,466.8693017929908,8.0
315,B,3.4933774713597017,6.0,8.0,1.7650729575268784,0.0,986.97420473255,26.0
316,B,1.5720606782434028,2.0,9.0,2.402574148136592,1.0,316.8976644191432,7.0
317,A,1.3814849941811873,1.0,3.0,0.8785554163634084,0.0,500.39762794994135,13.0
318,A,2.391810845848617,7.0,4.0,0.8878408331881846,0.0,446.0494574720876,9.0
319,A,2.438167011332561,4.0,8.0,0.6758584250577455,0.0,1090.3861165870933,27.0
320,A,1.1322115761609142,3.0,5.0,0.02561143809596213,0.0,1017.3760549135937,21.0
321,B,0.986467254692771,5.0,11.0,1.4896212550351147,0.0,719.4166017238831,12.0
322,B,0.9464059635589042,6.0,8.0,3.600445823991634,1.0,1155.9921175459283,25.0
323,B,1.4090669773832853,3.0,5.0,0.06738961959970656,0.0,1336.0452784969837,28.0
324,A,1.8610319107442428,3.0,4.0,1.1075157101237942,0.0,710.56973276864,13.0
325,B,0.294329870416371,5.0,6.0,0.6249835822218047,0.0,735.1422078555879,11.0
326,B,2.0530856497536742,5.0,5.0,1.2684300279100533,0.0,854.995903160065,13.0
327,B,2.7392525948745323,6.0,11.0,0.1593933704387945,0.0,722.1827284016689,15.0
328,B,3.236646634950987,3.0,7.0,2.447716221501157,0.0,1173.854460286495,17.0
329,A,0.24325455655700146,3.0,4.0,0.6125114895815266,0.0,217.65969559176244,6.0
330,A,3.074363729508834,3.0,4.0,0.001981111167877206,0.0,297.3882870014187,6.0
331,A,2.9110564755827744,1.0,4.0,0.5521319690454505,0.0,594.9140548673868,11.0
332,B,0.4175624036624241,6.0,13.0,1.0006400495045948,0.0,1022.3975028746434,22.0
333,A,1.6724899400607585,1.0,7.0,0.48990117964380087,0.0,1026.7736263533188,19.0
334,A,1.418447440158444,3.0,8.0,0.7499476035711843,0.0,1867.9632508360833,27.0
335,A,1.1437255860267017,0.0,7.0,0.2120895900216896,0.0,468.10407164006676,11.0
336,A,2.5797485075927833,3.0,3.0,1.062951204051572,0.0,499.71914919295057,10.0
337,B,0.9713117742929775,11.0,4.0,0.6367444421185356,0.0,1657.0948641901855,22.0
338,B,3.0368878927686658,5.0,9.0,0.00676913600456664,0.0,1106.1098933522192,18.0
339,A,2.0122311725531126,3.0,6.0,1.7686293524933883,0.0,1551.9760119079012,23.0
340,A,0.8688255243665243,0.0,6.0,1.4921309057121621,0.0,544.0115675455783,15.0
341,A,0.4191571422353274,2.0,4.0,2.4425866997715855,0.0,351.3189537997438,13.0
342,A,0.3442002584501093,1.0,6.0,0.9022426743187622,0.0,1273.1814822360307,23.0
343,A,2.5615355829574904,2.0,9.0,1.0981181019455681,0.0,483.45788492834697,8.0
344,A,1.1247763402609978,4.0,6.0,2.494273388717435,0.0,144.4988609906439,5.0
345,A,1.653045897706124,4.0,4.0,0.8371409930744618,0.0,93.6039832450382,2.0
346,B,1.536461566224125,6.0,2.0,2.544719659820267,0.0,1579.0188766024119,27.0
347,B,2.6992120580635266,5.0,5.0,3.58923881638953,0.0,403.05887994076943,8.0
348,A,1.2374764564683074,1.0,6.0,1.8139773480513761,0.0,637.1301393497795,16.0
349,A,0.3489030189415612,3.0,7.0,0.8553390347799921,0.0,690.2577862182419,13.0
350,B,0.6213719943263167,5.0,3.0,1.0051876486448301,0.0,286.17707729947676,6.0
351,B,4.102637713149547,2.0,6.0,1.6612262159453364,0.0,297.9022153479679,11.0
352,B,0.5786963553279675,10.0,9.0,0.5167297727218988,0.0,1492.6372958445563,29.0
353,B,2.0123319587857456,2.0,4.0,1.9467681877313348,0.0,1426.72540521742,26.0
354,A,0.24960390989148798,3.0,4.0,0.8112474898698401,0.0,943.5689571947648,19.0
355,A,0.8209708312223349,2.0,3.0,2.141960237621804,0.0,567.8051519786585,9.0
356,B,2.048025929829523,2.0,8.0,0.02442343752567898,0.0,297.78103581659445,9.0
357,A,0.8791035811468917,2.0,4.0,0.2882613509406707,0.0,548.2716936499942,15.0
358,B,1.2191731144937232,2.0,8.0,1.341378113841288,0.0,1686.895785876354,26.0
359,B,2.441874996833605,3.0,6.0,2.066803821907338,0.0,265.37771081723827,5.0
360,B,2.487694384208584,3.0,4.0,5.006754937333587,1.0,487.0358157498923,7.0
361,A,0.8786505018156809,3.0,5.0,0.6200629035233102,0.0,323.16200660686565,6.0
362,B,2.3129177107382923,3.0,10.0,0.960385338114463,0.0,1029.5136494042947,22.0
363,A,0.8994762554252964,2.0,3.0,0.3807371843445986,0.0,449.7289804203896,8.0
364,B,1.2021954960003822,3.0,5.0,2.8979589338912652,1.0,1885.6003333052258,27.0
365,B,1.0299924696566516,7.0,5.0,1.821049921566943,0.0,744.1744374853937,15.0
366,A,4.229625986177816,3.0,5.0,0.6673460319937644,0.0,1212.0822322432916,24.0
367,B,1.3020518666312386,5.0,8.0,5.234923564164574,0.0,1142.328137498312,21.0
368,B,0.9216805047618253,6.0,4.0,1.0162507975122603,0.0,1266.9224237829526,22.0
369,A,2.3673718336476646,2.0,3.0,0.3927774974173631,0.0,419.034837361743,14.0
370,A,1.396037664438769,1.0,5.0,1.2991296060394582,0.0,270.7769925655105,5.0
371,A,1.1031497544115207,0.0,5.0,2.4005002451706234,0.0,725.7885656129791,17.0
372,A,1.1333513226550191,3.0,5.0,2.316972220979783,0.0,716.4791697077425,22.0
373,A,1.9618923631226972,4.0,6.0,0.6800170591997318,0.0,375.8441910138653,7.0
374,B,3.5953979357924526,1.0,9.0,0.7686659648940105,0.0,218.00023512895973,4.0
375,A,1.095233051516287,4.0,6.0,6.73246882013663,0.0,519.0481507381319,9.0
376,A,2.206119457388931,3.0,6.0,1.3515652141191328,0.0,701.5360519640291,16.0
377,B,1.3875671585150078,4.0,9.0,4.363249752195451,0.0,1114.3933419605326,19.0
378,A,1.5086349825238723,3.0,5.0,0.764739938841595,0.0,1050.091496321267,18.0
379,B,1.9731866156922915,3.0,7.0,0.10099648717114476,0.0,414.7704432404915,13.0
380,A,4.254470558712289,6.0,7.0,2.707625275308341,0.0,1636.2867326603205,28.0
381,A,1.045012001578754,4.0,3.0,1.963300213462313,0.0,647.7309358694511,13.0
382,B,3.028978034270832,7.0,9.0,0.29325733265427223,0.0,53.32734704460093,1.0
383,B,0.885636145652056,4.0,4.0,0.17199709197205212,0.0,54.0349372196461,1.0
384,B,0.5567856200970961,3.0,8.0,3.704420158719936,0.0,685.5690511181346,22.0
385,B,0.9242660778591565,7.0,10.0,0.021328166235492954,0.0,877.9350231870287,14.0
386,B,2.1225011987075497,1.0,7.0,3.95604058868014,0.0,396.5738326412587,9.0
387,A,2.482006924936931,4.0,5.0,2.0750998521139854,0.0,1007.340963307679,18.0
388,A,0.4566518577627965,5.0,7.0,0.3274940180841486,0.0,597.6359768384767,10.0
389,B,2.025753337167111,4.0,4.0,1.2002894880823334,0.0,1591.3908164100428,24.0
390,B,2.3099755597233096,3.0,7.0,0.008066804190197273,0.0,672.377039130441,12.0
391,B,1.6428898673925798,5.0,8.0,1.0271427036995293,0.0,865.9551145463406,18.0
392,A,0.6888822633368784,1.0,2.0,0.9475823637587175,0.0,55.250464738696415,1.0
393,A,3.8920074033026912,4.0,8.0,2.9688854098812576,0.0,569.7331866383237,21.0
394,B,0.13143035314595183,2.0,8.0,0.41355846293958626,0.0,603.5067423211988,9.0
395,A,2.1428082291474633,2.0,4.0,1.0518839752156368,0.0,446.33727461933574,18.0
396,B,1.605872477672542,4.0,7.0,1.9584636589961615,0.0,599.5392371464931,8.0
397,B,3.289451587252339,4.0,6.0,2.274865013171705,0.0,776.469131358989,14.0
398,A,1.674388376642092,4.0,2.0,1.7254241079861312,0.0,1152.5518748737975,19.0
399,B,3.8334729489820254,4.0,6.0,1.3370167306576413,0.0,2001.9617266243504,28.0
400,B,1.8842729982646056,6.0,7.0,0.08272662667968744,0.0,475.97832682879505,9.0
401,A,4.965254577152275,5.0,5.0,1.3298566506247187,0.0,86.23164779497067,2.0
402,B,2.030902897268995,8.0,10.0,2.134976246051293,0.0,1330.9572458077005,20.0
403,B,2.666491994777953,5.0,11.0,3.690811483889148,0.0,1264.7568393395043,25.0
404,B,3.765746495834375,3.0,4.0,2.5482489605521708,0.0,153.82140269990845,2.0
405,A,1.115367591519772,2.0,5.0,2.771131424305925,0.0,1216.0913257343375,27.0
406,B,1.7706664421649927,4.0,8.0,3.5434186740135933,0.0,1969.9029367895098,29.0
407,A,2.4780374404905614,4.0,4.0,0.5022880720714987,0.0,275.59975963706756,4.0
408,A,2.601746426391616,1.0,6.0,1.2851775550977724,1.0,469.29521272694194,11.0
409,B,2.6424077501104004,4.0,7.0,0.4475613173252235,1.0,60.64413689990599,1.0
410,A,3.352869815939943,2.0,8.0,0.19727385422226107,0.0,145.84607128106592,3.0
411,A,0.40709177482068126,4.0,4.0,1.7577947063904893,0.0,451.12215940077516,9.0
412,B,1.1621059149235444,4.0,9.0,4.39443206856211,0.0,319.7160927680503,13.0
413,B,0.633093607653988,7.0,7.0,0.7777867143885246,0.0,1509.6449924201575,25.0
414,B,1.2573536106110286,5.0,3.0,0.026990939667120736,0.0,401.8080441248472,10.0
415,B,4.308951212869281,5.0,8.0,3.7080143056895905,0.0,473.91228872457725,8.0
416,A,1.1096596632107065,1.0,3.0,1.9749724492872678,0.0,478.7043438925429,10.0
417,A,1.4897013504008387,1.0,6.0,0.06567287050095227,0.0,1776.3427985581056,28.0
418,A,3.3169755194686044,0.0,4.0,1.689550195856055,0.0,92.50793553540211,2.0
419,B,2.677181254675531,6.0,5.0,5.68847087433156,0.0,492.3099318456646,7.0
420,B,0.6866072546894063,2.0,7.0,2.131660271591736,0.0,1834.7709445208536,29.0
421,B,2.75826865140755,7.0,8.0,0.5264645213393527,0.0,1567.3091728748104,24.0
422,B,0.7325582783290794,3.0,5.0,0.5800214681151159,0.0,606.2846232705352,12.0
423,A,1.6263924127982006,3.0,2.0,0.8034208814508104,0.0,400.3545451031169,7.0
424,A,2.6055123058609744,3.0,3.0,0.1987496749912236,0.0,760.5390880271048,15.0
425,A,0.3717679078794171,4.0,1.0,0.8168516814370523,0.0,1611.0717325841306,27.0
426,B,2.2888547872225926,5.0,4.0,1.256940613370684,0.0,623.9814549110572,17.0
427,A,0.9178908470763659,2.0,9.0,0.32394085935306477,0.0,689.3296382659491,19.0
428,B,0.858146351763769,2.0,5.0,4.562255506302162,0.0,1143.5658524235525,25.0
429,A,2.9037733149447624,3.0,5.0,0.8056505319345413,0.0,274.64373412374255,10.0
430,A,1.0171474555719304,6.0,3.0,0.7275882555305376,0.0,1207.1397568335049,24.0
431,A,1.1808020989298387,2.0,4.0,2.0113600365168374,0.0,830.5099365998601,20.0
432,B,0.653209220081824,4.0,7.0,0.3240913915635212,0.0,612.5179511871414,12.0
433,B,4.758155074127428,6.0,10.0,3.4970973339662623,0.0,877.3003609214647,16.0
434,A,3.2822640360259596,2.0,3.0,2.2322617980901716,0.0,905.0831880473315,14.0
435,A,0.5564499959015643,2.0,4.0,1.4010278725365677,0.0,196.6773765126693,4.0
436,B,1.3867906584897225,6.0,9.0,0.6886538727061051,0.0,702.2953556175053,10.0
437,A,0.6792640796252271,4.0,6.0,0.03442222243558889,0.0,1304.9435825362045,25.0
438,B,2.6456745254863345,0.0,2.0,3.306635085075705,0.0,1721.7072296992567,27.0
439,B,1.8221497127090986,0.0,1.0,5.058248746589377,0.0,2040.9175664876468,25.0
440,A,0.332947726457503,1.0,4.0,4.010957567415541,0.0,516.1898538971046,11.0
441,A,3.3685740484137683,4.0,2.0,1.7386582491401743,0.0,130.4597820193361,3.0
442,B,0.7824865354984807,2.0,4.0,1.1154636793419541,0.0,515.8146248241601,12.0
443,A,2.3378509810202184,3.0,6.0,0.05219069152781475,0.0,1163.226550064716,23.0
444,A,2.297789280891622,3.0,3.0,2.5625031972744505,0.0,1022.5033249088673,17.0
445,B,1.4968680921393334,4.0,6.0,0.9084201070323821,0.0,758.6437526996114,11.0
446,B,0.7882415762253929,3.0,7.0,3.2412132920872367,1.0,1637.60682320374,25.0
447,B,6.8950682231507905,4.0,10.0,1.5078458777062687,0.0,1554.436369990665,29.0
448,B,2.956443058469364,3.0,8.0,2.3068702309396305,1.0,608.557705562059,14.0
449,A,0.8970497644820487,5.0,6.0,0.3352144500996466,0.0,328.11891937078644,7.0
450,A,0.3075782623983735,3.0,2.0,1.2984719614067406,0.0,1200.4653337533287,26.0
451,B,1.7985068096930066,8.0,5.0,1.9501144834569304,0.0,1047.5134990129459,22.0
452,B,2.554236058411183,6.0,4.0,0.3318467198708343,0.0,940.746511095821,20.0
453,A,0.2219793222387506,1.0,8.0,0.9428221573686546,0.0,638.5298529455258,11.0
454,B,2.835145385632823,3.0,12.0,3.7259571232510615,0.0,981.8641676772413,13.0
455,A,2.918013641533978,1.0,3.0,0.8166738789135544,0.0,596.7605973466123,18.0
456,A,1.7540687467009972,3.0,6.0,3.3070136244301533,0.0,1732.7722532455862,28.0
457,A,1.9956794367700277,5.0,4.0,0.8626763737874845,0.0,587.1104711231409,14.0
458,A,1.4396741022775115,4.0,5.0,0.11750044452592068,0.0,832.238560371627,14.0
459,A,0.6093458542382907,2.0,6.0,4.396005037298999,0.0,317.6307222366957,6.0
460,A,0.9309593007437666,7.0,1.0,3.7986622736898914,0.0,845.657163669789,29.0
461,A,0.48191767626986703,0.0,5.0,1.730074911796498,0.0,451.0685416239889,9.0
462,B,2.8399937830760185,0.0,3.0,0.43575267348522206,0.0,129.87801099989792,2.0
463,B,2.762309307424121,2.0,9.0,5.384810766078322,0.0,1765.4726354864315,27.0
464,B,2.62695294606194,3.0,6.0,0.576888169211016,0.0,1121.0416758321535,20.0
465,B,1.901694539235816,6.0,5.0,2.647623202778164,0.0,365.78113444449457,7.0
466,A,0.42654431255361164,4.0,7.0,0.9463646928799587,0.0,1389.1419473991734,22.0
467,A,2.2088691070593995,2.0,6.0,0.14618685712975377,0.0,140.89343535918994,3.0
468,B,4.533266458729931,3.0,10.0,0.6699817705103147,0.0,59.048029586263354,1.0
469,A,0.2451314602969047,3.0,6.0,2.3463248675796478,0.0,814.0015211653323,17.0
470,B,1.9862015699404945,4.0,3.0,0.7648220409295363,0.0,1405.7396078779168,25.0
471,A,0.48498353849766007,1.0,7.0,0.11771750884329878,0.0,1185.1251547727943,28.0
472,B,1.835007456523282,9.0,11.0,0.7421327331723678,0.0,161.54293092248403,3.0
473,A,0.9752129430453074,3.0,4.0,0.10660125880442956,0.0,743.461339616586,12.0
474,B,1.997919628451193,7.0,7.0,2.75579743892267,0.0,1722.6077287279315,29.0
475,B,2.0961023817097435,3.0,3.0,1.6275365101452517,0.0,1224.072597275478,29.0
476,B,0.42077796885339086,2.0,10.0,4.290350132897112,0.0,1164.0822861633003,20.0
477,A,1.264508532688976,1.0,3.0,1.1562864031206956,0.0,181.483322146814,4.0
478,B,0.916724917098015,2.0,3.0,0.7345265176525569,0.0,644.0448068803039,12.0
479,B,1.6428502271088918,2.0,9.0,2.3552624345334983,0.0,232.1230244658504,5.0
480,B,0.4006277210941047,4.0,12.0,2.7963177309474783,0.0,752.2503265177286,12.0
481,B,1.7964927842133258,6.0,8.0,0.32852822766931356,1.0,2219.723575821055,29.0
482,B,2.077435804052658,3.0,5.0,1.0236167374026632,0.0,211.0105096197021,3.0
483,A,0.3286823435948869,3.0,8.0,0.2617590985290443,0.0,1358.3060031996606,20.0
484,B,0.608333044587603,3.0,4.0,1.318718915546642,0.0,1032.1724152608635,20.0
485,B,1.1004696896422836,5.0,7.0,0.8791425024740063,0.0,314.863848823434,5.0
486,B,3.9304382542393683,5.0,8.0,0.7775481511679134,0.0,1823.3779692316555,28.0
487,A,1.611709061017985,6.0,4.0,0.011640451101732839,0.0,984.8536075176683,16.0
488,A,1.3809412108907622,3.0,5.0,0.8251644289713849,0.0,1836.263662880954,29.0
489,B,2.57131339047543,5.0,9.0,2.3194008600212155,0.0,56.43006115522134,1.0
490,B,2.4762331418320294,7.0,6.0,0.48635172400289617,0.0,875.3929977560115,16.0
491,A,2.8846187092332802,2.0,5.0,0.22138850459733223,0.0,1219.2416132941112,24.0
492,B,3.634239671920151,3.0,3.0,2.4715513626326784,0.0,532.1260182072665,9.0
493,A,1.280713070277966,1.0,3.0,0.2624507476316977,0.0,451.36738006692354,10.0
494,A,1.7297371329083908,4.0,9.0,0.12004384959139797,0.0,1424.3905187848638,26.0
495,A,0.6403172470464016,4.0,8.0,0.3442966507411341,0.0,1900.0775729573,29.0
496,A,0.6642911310225366,3.0,6.0,1.8854496297628098,0.0,474.1268428167906,7.0
497,B,0.9311583765784177,2.0,7.0,5.468096369652718,0.0,851.5094600878166,10.0
498,A,0.3649565669769219,1.0,3.0,2.48265199928839,0.0,314.28030888521386,10.0
499,B,0.6099364690914261,1.0,10.0,1.6657268453764076,0.0,1684.5464173955645,29.0
500,B,3.3314816281329027,6.0,9.0,1.8905856973958581,0.0,397.9094929306172,10.0
501,B,1.6758592496538802,4.0,6.0,0.14284743747309359,0.0,551.7782824809996,13.0
502,B,0.9113258821195185,4.0,10.0,3.9972264003657734,0.0,847.1312157967487,16.0
503,A,0.6458375306072034,4.0,5.0,0.9036814041921821,0.0,539.3358173501116,7.0
504,B,0.41751365713404814,6.0,7.0,0.6721984165694931,0.0,800.7478704706488,20.0
505,B,2.013557255486774,1.0,4.0,1.9092897020055937,0.0,1548.8838320545756,29.0
506,A,0.9199054025031125,2.0,5.0,1.0595122131900316,0.0,1207.9927970181545,23.0
507,B,1.5408152525377337,4.0,7.0,7.737177148090192,0.0,2042.5631993160728,25.0
508,B,1.3560981001919343,3.0,5.0,1.8102199432177006,0.0,195.45123660099466,4.0
509,B,0.188808513528331,4.0,5.0,2.5798566594053356,0.0,587.336397167349,14.0
510,B,4.496540716360768,4.0,8.0,1.1787264396294628,0.0,892.6540108615453,17.0
511,B,0.5124329924136838,4.0,7.0,0.12452934940598308,0.0,1505.07321460288,28.0
512,A,2.6965244831185258,4.0,5.0,0.04980016408953787,0.0,1618.156742128506,28.0
513,B,1.4543275312618695,2.0,8.0,3.195012255181466,0.0,215.67035586759516,5.0
514,B,1.281628365537775,2.0,11.0,0.07125195376232578,0.0,521.8150239441692,13.0
515,A,0.5628818174893546,1.0,3.0,0.10775364020625114,0.0,738.8490432558538,18.0
516,A,4.377187307811756,5.0,7.0,0.44673543819213457,0.0,363.22411455834936,9.0
517,A,1.8382444349882467,3.0,3.0,1.177559599022184,0.0,783.4597877808395,22.0
518,B,2.6216015784312368,7.0,8.0,2.412335949820718,0.0,1781.875314009575,25.0
519,B,0.42212572277070853,7.0,4.0,0.04637671405732269,0.0,183.027505270734,3.0
520,A,1.5819918116638823,1.0,0.0,2.018023178067723,0.0,1206.6573929265753,18.0
521,B,2.419754690663044,2.0,8.0,3.965431805699757,0.0,246.03559238747852,5.0
522,A,1.2067084829472041,2.0,6.0,1.3933158965008752,0.0,733.0275331041723,17.0
523,B,2.0203947456060014,5.0,6.0,0.34308619331373935,0.0,658.1623032094119,16.0
524,B,1.0590559624498366,3.0,14.0,1.44421088754562,0.0,927.0233016518927,19.0
525,B,2.3637797977062154,4.0,6.0,1.8183854870169995,0.0,1128.0519306490426,28.0
526,A,1.0387999723681518,1.0,6.0,0.7466860604051531,0.0,539.8917492404415,11.0
527,A,0.7319032600712131,5.0,4.0,0.18889608030443114,0.0,46.986364603754616,1.0
528,A,0.3149824324447384,1.0,5.0,2.27647294161822,0.0,676.4592933220706,17.0
529,A,0.5806730169596585,3.0,9.0,0.6783305630308846,0.0,192.04180772576456,4.0
530,B,1.794277353744627,1.0,11.0,1.2233017945961393,0.0,912.8780338906447,19.0
531,B,5.163672017149921,3.0,3.0,0.833345831234748,1.0,1356.6492334495108,17.0
532,B,1.5398203973294422,5.0,4.0,1.2615255664426364,0.0,1041.592582041087,18.0
533,B,0.8164774744760469,2.0,7.0,0.746235212941286,0.0,856.5085109371772,18.0
534,B,2.435699537822935,4.0,6.0,1.1529423044410958,0.0,1578.860678558126,25.0
535,B,1.4035489422504661,5.0,3.0,0.8891801836011691,0.0,1008.3080687751595,23.0
536,B,1.769105804328881,2.0,11.0,1.670365599693997,0.0,401.06001903890376,8.0
537,B,0.6143954006515144,5.0,3.0,0.5434184072697078,0.0,589.498967690103,18.0
538,A,3.363265873479605,2.0,5.0,1.9980161956243765,0.0,203.51600041417348,4.0
539,A,1.7600934058959208,3.0,4.0,1.0791715666232728,0.0,874.8289083556592,14.0
540,A,3.343680916701511,2.0,3.0,2.0129113429031156,0.0,1103.4521858375404,28.0
541,B,2.647866154431673,4.0,6.0,8.958230454700896,0.0,632.5994572235336,9.0
542,B,1.2405539550811682,3.0,4.0,1.3897772054401414,0.0,1524.7981695094404,29.0
543,A,0.7160004136419099,5.0,6.0,3.567411310590373,0.0,397.4849245651725,9.0
544,B,2.1272299417349294,4.0,6.0,0.43174529060028566,0.0,858.3216959504438,19.0
545,B,5.9628329939922775,5.0,4.0,1.296602902596186,1.0,627.9388907226756,10.0
546,A,0.46892121120927766,4.0,2.0,3.808021675894514,0.0,721.5139611482981,13.0
547,A,1.19773961894578,5.0,6.0,1.148921301262048,0.0,1412.7094645068787,28.0
548,B,1.4761669404700895,5.0,9.0,4.026036538477148,0.0,1230.392865682839,29.0
549,B,2.885218175141286,6.0,10.0,0.04409615083162427,0.0,86.31356927334208,2.0
550,B,1.5509807250260086,0.0,3.0,2.2760837504973352,0.0,1412.6398783590366,28.0
551,B,1.0703965141389324,3.0,4.0,1.5880037113133023,0.0,690.7063557207065,17.0
552,B,4.016255776122429,4.0,11.0,0.3715943660709949,0.0,1178.9653978449517,25.0
553,B,0.3047847345583274,2.0,9.0,3.40175202918635,0.0,1262.9306173510663,24.0
554,B,3.3704584768495884,6.0,5.0,0.9205331686062639,0.0,698.1715443961202,13.0
555,B,0.26609120787294255,3.0,12.0,0.6957193367089836,0.0,1094.9228031362663,28.0
556,A,0.600011362735063,2.0,6.0,1.0746493965219979,0.0,1417.867284087457,28.0
557,A,1.3909477238284846,3.0,6.0,0.46321243258339423,0.0,644.6282833360838,16.0
558,A,0.2498258170844277,2.0,5.0,4.118624166202987,0.0,57.78461993152863,1.0
559,B,3.1525063695335658,5.0,9.0,3.5219778536405153,0.0,572.7484605903514,11.0
560,B,1.7880758099091625,1.0,7.0,2.035125047709129,0.0,991.4881255060939,16.0
561,B,0.8183604002649181,2.0,6.0,4.5706514661801645,0.0,1279.3847217295458,20.0
562,A,0.1332790798498493,1.0,3.0,0.9185102259815676,0.0,192.40871866675417,3.0
563,A,1.5383987887939197,3.0,4.0,0.20474580393413477,0.0,1201.021646323067,19.0
564,A,3.4248781437942704,1.0,4.0,0.8503135168127052,0.0,384.5108249356606,8.0
565,A,1.5877779117225064,7.0,5.0,0.2038210827586786,0.0,435.06782627821065,18.0
566,B,1.30436340984007,3.0,9.0,1.987876016656253,0.0,343.2077503433968,7.0
567,A,1.7474565094954926,6.0,4.0,1.0473351170407261,0.0,314.023850078967,6.0
568,A,1.2367091855453294,3.0,4.0,1.235825489117213,0.0,1377.083780886095,27.0
569,B,2.785224650913281,3.0,8.0,2.700446883125424,0.0,1476.5499997037696,28.0
570,A,1.326507660762059,4.0,5.0,0.6181812761172985,0.0,796.3762786061847,20.0
571,B,5.619954065695534,3.0,4.0,3.6212228673124778,0.0,156.07848718139698,3.0
572,B,0.4387864263735115,3.0,4.0,0.11258974376152729,0.0,612.7944421827683,16.0
573,A,0.2986949824922767,1.0,5.0,0.11152068565006695,0.0,1211.7193942346385,29.0
574,B,0.8606940362043197,4.0,7.0,2.9926556347947435,0.0,921.8438453532174,19.0
575,B,0.5659171684571931,7.0,5.0,1.9023155775323468,0.0,1291.0947913064226,20.0
576,B,1.5418725716535224,4.0,7.0,0.14408316355969827,0.0,1035.9260400990936,16.0
577,A,0.6202142704841385,1.0,5.0,4.31036583055088,0.0,1041.1551154106444,26.0
578,B,3.206692617957642,6.0,1.0,1.4209037817244874,0.0,119.8854098532196,2.0
579,A,2.6781637243179865,2.0,7.0,2.226543057984015,0.0,316.4714537870705,6.0
580,A,0.9034534431072824,3.0,3.0,2.738418834371825,0.0,1211.5023699794326,29.0
581,A,2.6421637513488245,3.0,2.0,0.6856154557907532,0.0,258.25437296085704,5.0
582,B,0.4975452888060211,5.0,3.0,0.1721140170532345,0.0,322.9157571182962,14.0
583,A,1.2994790413981774,1.0,4.0,2.1458774842232247,0.0,885.1849357258542,12.0
584,A,1.3489689565787077,4.0,4.0,0.9964690633082223,0.0,433.2744074607154,9.0
585,B,1.7547858436211294,1.0,6.0,2.6632124047184136,0.0,1186.168042759357,26.0
586,A,0.9090218503748455,1.0,6.0,0.3367482446953488,0.0,345.5969770626489,9.0
587,A,1.9307095660068367,3.0,3.0,0.19930891777186432,0.0,602.9314409822981,17.0
588,A,2.2623849273134424,3.0,5.0,0.6347965641748928,0.0,1012.7130791000063,19.0
589,A,0.590768334600787,1.0,5.0,0.22197082650531136,0.0,1190.491897847628,17.0
590,A,0.32976806733855174,2.0,5.0,9.53856338393269,0.0,901.6480028361576,22.0
591,A,0.16968402991420925,4.0,5.0,0.0756599461272435,0.0,455.2054180502899,16.0
592,B,3.141929052795704,2.0,5.0,1.5815275774034911,0.0,1212.2226641634275,20.0
593,A,1.6885818951766964,2.0,3.0,0.8727940874970377,0.0,804.8959095004373,12.0
594,A,1.5542336937564023,0.0,10.0,0.9024760018421086,0.0,225.48763256480242,3.0
595,B,1.2902808117063922,6.0,9.0,6.139771335854458,0.0,755.4871142018123,10.0
596,A,5.180912966873599,4.0,5.0,0.536367160176325,0.0,805.9416036388654,14.0
597,B,2.033161898685266,3.0,3.0,0.40456378265822707,0.0,1041.6803009348278,19.0
598,A,1.2421889539192286,0.0,4.0,1.2706772947658953,0.0,923.194236038501,17.0
599,A,1.0795628555783263,2.0,4.0,0.24373784917971364,0.0,1114.679614214204,22.0
600,A,1.4253750141600752,5.0,7.0,2.2981069621805443,0.0,908.9633229060203,16.0
601,A,1.4821998502904876,1.0,3.0,0.6062063505784712,0.0,1183.309077744825,21.0
602,A,1.0155912081259493,5.0,6.0,1.3423171527226816,0.0,633.958417157472,12.0
603,A,0.6083028684712961,4.0,2.0,1.8862673271372192,0.0,1133.353417790819,28.0
604,A,1.1923196266414,4.0,4.0,3.2979068824874442,0.0,1266.6467761043384,24.0
605,A,1.158445252696337,3.0,4.0,2.7098903568021444,0.0,98.03173489061251,2.0
606,A,1.1441957345225966,6.0,4.0,1.4059231306373552,0.0,335.83606029933327,8.0
607,A,2.0727010350391084,2.0,8.0,0.7374984818069031,0.0,633.0431975079599,12.0
608,A,1.1760473191778198,4.0,5.0,1.0493657230784632,0.0,947.8985580272698,21.0
609,B,3.832736629455982,6.0,12.0,1.8629785563257661,0.0,1347.6113971758323,24.0
610,B,0.7331216736094474,7.0,2.0,0.4754540871963545,0.0,590.0639710709437,11.0
611,A,0.33737545014456444,2.0,8.0,2.196285219584481,0.0,810.8376358347998,16.0
612,B,0.3404505897158762,5.0,10.0,1.9041725558130518,0.0,707.790407377785,18.0
613,B,2.2048752017701974,7.0,4.0,2.564947918655792,0.0,651.4542861141493,11.0
614,A,0.6979900504144362,5.0,5.0,3.150024141178324,0.0,436.51906163888685,8.0
615,B,2.246079378808783,2.0,11.0,2.562458949484866,0.0,330.69445409256235,9.0
616,B,1.223517103148366,8.0,4.0,3.3755989670814572,0.0,1025.5649480680972,19.0
617,A,1.005727095225599,3.0,7.0,0.16435726783324373,0.0,1567.483012609659,28.0
618,A,1.218613451226032,3.0,8.0,0.7288489784404228,0.0,726.1507000637741,16.0
619,B,1.0468023737549588,7.0,8.0,3.842145524540642,1.0,1121.37194765695,20.0
620,B,1.8134560307897298,4.0,9.0,0.16084096495512282,0.0,1612.1557999294737,29.0
621,A,1.7137998852957308,3.0,3.0,2.2449448369212828,0.0,545.0391858154998,10.0
622,A,1.2259072821813293,1.0,4.0,0.8475314311524429,0.0,1136.6361413793336,20.0
623,A,0.13720400108784842,3.0,6.0,0.6057121916371115,0.0,896.0827579984307,15.0
624,A,0.3793714050808899,6.0,4.0,0.7948156767494066,0.0,212.19443330035887,4.0
625,B,0.7218244190822426,5.0,4.0,0.8409559499278075,1.0,394.19114093274004,10.0
626,A,1.7971361700714992,3.0,4.0,1.3851420130679903,0.0,1457.3906575917422,26.0
627,A,0.9842140620624664,1.0,6.0,12.81487563060734,0.0,686.7899845345463,15.0
628,B,0.7228110328834063,1.0,5.0,2.3238872078467763,0.0,1208.7836843130444,26.0
629,A,1.306239993249884,3.0,2.0,1.0188440141546506,0.0,303.0767900416526,4.0
630,A,0.8877871528926821,3.0,4.0,0.3507276288160731,0.0,542.9477133915897,11.0
631,B,2.7733824489322734,3.0,7.0,1.3806474899810628,0.0,189.79449623164513,3.0
632,B,0.6799419503077991,3.0,9.0,0.42311176374566023,0.0,167.62288152547023,3.0
633,B,0.36313405542678195,2.0,9.0,1.6090943283635673,0.0,1117.6875000814814,24.0
634,B,1.0451522396536057,5.0,1.0,1.0465916178867642,0.0,337.1712258719807,8.0
635,A,0.6954967535964492,2.0,2.0,0.2666218832389792,0.0,367.2710873802181,6.0
636,A,0.9141174463533904,3.0,8.0,0.06490897281390978,0.0,180.52962880557237,4.0
637,B,1.246177032813835,5.0,6.0,0.9887181480732375,0.0,1874.3779670079336,29.0
638,A,1.3178761616907815,0.0,7.0,1.22744408414589,0.0,483.72784858822564,9.0
639,A,1.1694215087327597,8.0,2.0,1.1797767655780387,0.0,480.3681848301239,9.0
640,A,2.252354452003215,1.0,5.0,0.3445611827242543,0.0,165.83441653810732,3.0
641,A,0.273501334261271,1.0,6.0,1.782786160760701,0.0,954.9593426251373,23.0
642,A,0.3160876348608823,3.0,7.0,2.0270108862827527,0.0,1509.0438854138854,28.0
643,A,0.9751068931228175,2.0,7.0,0.44983079002362814,0.0,225.85626695413515,5.0
644,A,1.7275815169305,2.0,7.0,0.6326198713753532,0.0,872.9186242758657,15.0
645,A,1.9959723077768794,3.0,6.0,6.980229088669878,0.0,1154.0959024956467,28.0
646,B,2.4195809242691664,2.0,11.0,3.318871644343844,0.0,1606.9583209625414,29.0
647,B,1.1178929095007,6.0,8.0,1.0471407680403368,0.0,248.58539835763108,6.0
648,B,4.240571375970392,1.0,6.0,0.05362144463855822,0.0,1054.7237549782758,20.0
649,B,1.8798820463988037,4.0,9.0,0.11963449080857619,0.0,45.326707918931675,1.0
650,A,0.7193801472628503,4.0,5.0,0.7032412046306084,0.0,477.53098036042945,9.0
651,A,0.04230717910597206,3.0,5.0,2.1456933688154955,0.0,99.4338462139852,2.0
652,B,0.9332917777554609,1.0,6.0,3.879276302123791,0.0,1172.3311219791608,20.0
653,B,2.352335622408966,1.0,8.0,6.468020043166031,0.0,1681.0422064033323,24.0
654,B,4.193804871239342,3.0,6.0,2.3321298567720135,0.0,252.17955453091503,6.0
655,A,0.7393771923376465,7.0,8.0,0.9042069603236682,0.0,205.64717555638993,3.0
656,A,1.5577653719621734,3.0,7.0,2.3650555647600413,1.0,1590.6247070571237,26.0
657,A,1.1528858347423638,3.0,4.0,2.198157261467439,0.0,1338.2244408156653,21.0
658,A,1.772375750941318,3.0,5.0,1.6528285741290802,0.0,507.41338679896637,12.0
659,B,2.7244265199172393,3.0,9.0,0.9062719242931901,0.0,113.77218061865796,2.0
660,B,0.4699597327038299,1.0,8.0,5.580701174157741,0.0,1076.6884679473835,19.0
661,A,2.616491807653855,5.0,8.0,2.8942410862717622,0.0,738.6619201068545,16.0
662,B,1.3282587014051124,5.0,6.0,2.1741764116985567,0.0,819.4402635965238,28.0
663,B,2.104940276710204,6.0,4.0,3.72007939340365,0.0,454.93977900964387,7.0
664,A,1.0291881441502255,5.0,5.0,4.200704592529497,0.0,249.79658433006588,5.0
665,A,0.8101747753005715,4.0,2.0,1.3011912829259216,0.0,614.4558751386221,10.0
666,A,0.535834214058415,4.0,3.0,0.40666799087873096,1.0,1505.3013623222344,28.0
667,A,0.3141910422511456,2.0,7.0,0.7628147499414901,0.0,637.6233638195624,15.0
668,A,0.23163379937628298,6.0,3.0,2.1301224456233117,0.0,601.0329058441333,14.0
669,A,0.6604669222261815,3.0,8.0,1.5785243384746885,0.0,866.9460160395903,14.0
670,A,2.3813350302284677,2.0,1.0,0.29365437570284997,0.0,1243.9182123508408,23.0
671,A,1.892798650487771,6.0,5.0,0.07889838976271099,0.0,656.8199761441222,13.0
672,B,2.6515125923258123,0.0,5.0,2.90360636681062,0.0,882.0610795448116,11.0
673,A,0.7789572229641003,4.0,3.0,1.7230985346373968,0.0,795.1380462625397,16.0
674,B,1.5487021909449172,2.0,4.0,0.9532971264710723,0.0,623.2207988862599,11.0
675,A,4.403772065816932,3.0,5.0,0.43368271061739316,0.0,471.6316528550206,8.0
676,B,1.3953367959303582,5.0,7.0,1.3028676181354375,0.0,285.26176028719163,4.0
677,A,0.7004293686888943,3.0,5.0,1.0387318281013143,0.0,315.64998359405354,8.0
678,A,2.782733616488575,6.0,2.0,2.0600480874907374,0.0,858.8163821318559,17.0
679,B,5.140163251580866,3.0,4.0,0.4119145559272789,0.0,798.905350900679,20.0
680,B,2.7505460635638057,5.0,13.0,0.690662202726968,0.0,741.997268040838,16.0
681,B,2.3572033839351136,2.0,13.0,3.011288198406387,0.0,279.27459406437487,5.0
682,A,3.2232008731128245,4.0,7.0,1.2405897881900243,0.0,868.9756083933878,17.0
683,A,1.63366341804669,2.0,2.0,0.1304667477840779,0.0,112.62269553749026,3.0
684,B,1.1547183200717603,6.0,10.0,4.488224710970668,0.0,1074.14014275217,24.0
685,B,0.7129019679379484,4.0,3.0,2.5780480128932095,0.0,388.20022410783884,7.0
686,B,2.384678811148025,2.0,9.0,1.251626502899358,0.0,1676.0124115768776,25.0
687,B,2.94638396513071,4.0,5.0,0.18096409967631125,0.0,710.4515630545089,16.0
688,A,0.6551364477905884,1.0,4.0,0.3079190494043411,1.0,47.92598591012136,1.0
689,B,1.762946425448681,6.0,5.0,0.11726760061877553,0.0,1013.5534907782447,15.0
690,A,0.8666885090274563,3.0,5.0,0.37140064122331545,0.0,1238.7091496854778,17.0
691,A,1.3416462928550594,4.0,4.0,0.4473346589657246,0.0,1082.8979883394638,26.0
692,A,0.3236206374510215,5.0,4.0,1.2500055239316388,0.0,1230.2495903365952,24.0
693,B,2.755319580282747,5.0,9.0,0.9378502288650924,1.0,159.6023767332335,5.0
694,A,0.49047732962018986,6.0,5.0,1.0516655435243323,0.0,467.6594311792637,16.0
695,A,0.45327287989131815,2.0,4.0,0.340652131970986,0.0,826.3848734107958,17.0
696,B,2.8009964703531547,5.0,7.0,1.2465771179515075,0.0,48.174817774397,1.0
697,A,1.7219405549157618,4.0,4.0,0.10491741382656739,0.0,981.4063642963295,25.0
698,B,3.0725299474615184,6.0,4.0,1.8787125266017382,0.0,1052.7362774534347,20.0
699,A,2.5997013306256704,4.0,5.0,0.2820849243351287,0.0,92.96358406771752,2.0
700,A,1.9444535223802604,0.0,7.0,6.238930758875005,0.0,1356.5416950350518,25.0
701,B,0.4622886380426287,4.0,10.0,0.013021339752562583,0.0,965.2830970657277,22.0
702,A,2.3181286176895943,4.0,6.0,0.9482106294161126,1.0,542.3927712867949,14.0
703,A,0.6076884209311841,5.0,6.0,3.0300109658404777,0.0,366.8724235499485,7.0
704,A,0.8986826256796379,2.0,8.0,2.833256236137762,0.0,1055.0565927442522,25.0
705,A,0.9543535944281191,5.0,5.0,1.0746837660730526,1.0,696.2638615224778,19.0
706,B,1.3565380047264926,8.0,6.0,9.155672464514163,0.0,1063.529248778338,22.0
707,A,1.6290479543753835,4.0,2.0,1.8397760942087606,0.0,59.82704048095506,1.0
708,B,2.4800936280112116,0.0,9.0,0.9049212499644163,0.0,645.783641539231,9.0
709,A,0.6763970334859498,5.0,4.0,0.32118653968961264,1.0,686.5605867080924,17.0
710,B,1.8335675701678997,2.0,9.0,3.7689954806284787,0.0,1816.8587543076762,26.0
711,B,2.8066403218278864,1.0,8.0,1.5312925504768589,0.0,1845.5719230024074,29.0
712,B,2.3562659693139447,1.0,6.0,0.2795346302058805,0.0,1417.3855163916476,21.0
713,A,2.222066812068712,2.0,6.0,1.7490365855286865,1.0,1235.5635764390888,27.0
714,A,3.164764580972924,2.0,3.0,0.4769739578806067,0.0,442.9262396457626,10.0
715,A,1.6884020143771439,0.0,3.0,2.67624148716466,0.0,313.01304387925506,6.0
716,B,0.20591307728882197,6.0,6.0,3.1946783221256205,0.0,237.77777478388347,5.0
717,B,3.5472763680861386,8.0,5.0,2.4745564806682694,0.0,887.1701276863885,22.0
718,B,1.2318155663476187,3.0,9.0,1.4991645424108961,0.0,1223.3373252569008,27.0
719,A,0.8669619280911256,4.0,5.0,0.13115669238110414,0.0,352.26116175715094,7.0
720,B,0.889104542780559,3.0,5.0,1.4453707023238207,1.0,282.5507187141144,6.0
721,B,3.473133072265731,8.0,2.0,0.18308968782649657,0.0,143.05746119061308,3.0
722,A,0.5607372897836491,1.0,5.0,2.2251245129101536,0.0,1208.692030212088,25.0
723,A,0.4542849479237984,2.0,6.0,0.15793562145350817,0.0,257.4758186938143,6.0
724,B,2.6685406095770476,4.0,7.0,2.1333492300066346,0.0,368.0259929971216,6.0
725,B,3.782598459064844,3.0,5.0,4.843754538132138,0.0,471.0250764335557,8.0
726,B,2.1206343920936166,9.0,7.0,0.19576579509971812,0.0,1480.977590851452,28.0
727,A,0.13918965275409573,3.0,2.0,3.195334916436958,0.0,236.7348667574473,5.0
728,B,1.3436329146157378,2.0,5.0,0.6117231811702271,0.0,321.7864096744549,6.0
729,A,0.9779255212606068,2.0,6.0,0.5440492645868849,0.0,105.87683292367663,2.0
730,A,0.9339649086840766,2.0,4.0,1.593681064876394,0.0,921.2207209920776,18.0
731,A,2.129831099142498,1.0,3.0,1.002688521101713,0.0,1469.224579844125,24.0
732,B,1.9572146186487318,5.0,6.0,4.65187066949789,0.0,1090.225078106061,16.0
733,B,0.7627440281129652,5.0,5.0,0.6691110967798567,0.0,1105.9474857422524,28.0
734,B,0.5528256966106556,4.0,11.0,2.1223074400131816,0.0,1031.6172288670157,16.0
735,A,0.7150893870656289,3.0,4.0,0.684276878992754,0.0,979.7118121860414,17.0
736,B,1.08864999489532,3.0,8.0,1.5306538133983942,0.0,800.9406791335397,27.0
737,A,1.0220626092258867,4.0,2.0,1.5553242977731168,0.0,1465.5516130476237,24.0
738,B,4.49723163520366,6.0,6.0,1.814303266911929,0.0,1012.3942930032307,21.0
739,A,1.4411182114153884,6.0,6.0,4.421069894999255,0.0,1715.4202983107273,27.0
740,A,1.6689820907707975,3.0,8.0,0.06321828527055243,0.0,1348.6422495343436,26.0
741,A,1.9647533941902005,2.0,5.0,3.7672367674280265,0.0,1580.4777831787462,27.0
742,A,1.338020324692495,3.0,6.0,1.4088848657655018,0.0,1227.2091320535571,23.0
743,B,1.1762117887467216,3.0,10.0,1.0749857831329044,0.0,219.38112389307204,3.0
744,B,0.37129416770149315,2.0,2.0,0.7133255181793963,0.0,996.3717460324925,17.0
745,A,0.34333972007434377,1.0,5.0,2.4700423783815975,0.0,442.87338308883665,7.0
746,B,1.5804357234878155,1.0,12.0,0.0995014972983315,0.0,1037.40629030357,21.0
747,A,1.5664204736477747,2.0,5.0,0.726458007567344,0.0,681.4800805289872,21.0
748,B,1.1642520294791672,2.0,6.0,2.727351712451355,0.0,395.9030656876817,6.0
749,B,3.5880507273000326,1.0,5.0,2.7415780821451987,0.0,372.84749352624135,6.0
750,B,4.2998937364332654,3.0,10.0,2.221728517400522,0.0,1356.418316559578,22.0
751,A,0.6714836596658278,1.0,6.0,0.9575424650226885,0.0,890.0433548996211,19.0
752,B,1.297754603514845,8.0,4.0,2.0635927836135304,1.0,999.0901087614817,19.0
753,B,2.1192536113165032,1.0,6.0,0.5586796179697082,0.0,1330.3868119334338,20.0
754,A,2.6816090132015655,3.0,4.0,3.0471289575931166,0.0,378.70516588209466,7.0
755,A,1.1859954798552137,4.0,4.0,0.8038253772696637,0.0,1281.0909914951674,23.0
756,B,2.240331621182981,4.0,8.0,0.04519672834139189,0.0,709.0977038149321,15.0
757,B,1.7093012485623256,8.0,9.0,3.3079857826472527,0.0,887.4100318836956,19.0
758,B,1.494836436878086,3.0,8.0,1.3511589435352804,0.0,154.98271168731804,2.0
759,B,0.8409840845641487,3.0,5.0,0.7329834588750838,0.0,392.0080299677294,8.0
760,B,0.31280461097544915,7.0,4.0,0.21501877183228824,0.0,214.32505390396577,7.0
761,A,1.398039105234686,2.0,5.0,1.1474790401126806,0.0,348.76529381322143,7.0
762,A,5.450823298563463,2.0,5.0,0.030602442311145023,0.0,533.9999513652399,16.0
763,A,1.9884666343947488,3.0,4.0,0.25902860666442235,0.0,578.6930867680442,12.0
764,B,0.8369346113502308,4.0,6.0,0.12954982540800727,1.0,1829.2484653891795,27.0
765,A,1.5461291398071104,2.0,4.0,1.5395204995709753,0.0,872.4307102584763,15.0
766,B,1.666764275468341,2.0,12.0,0.8580818586046902,1.0,570.6850103543348,8.0
767,B,0.4983746560240939,1.0,5.0,3.2668164857272295,0.0,678.2229527244727,13.0
768,B,2.044700170018921,7.0,13.0,5.019802849661926,0.0,657.0783937414295,22.0
769,A,1.0459642436532746,2.0,7.0,1.893340144481032,0.0,702.6523142665687,15.0
770,B,1.858972850514924,5.0,7.0,4.541230527639521,0.0,1467.1093972659899,27.0
771,A,0.3731649894909794,3.0,5.0,1.3105687930114922,0.0,560.1751779375062,11.0
772,B,1.1657869560715963,2.0,3.0,5.05147815746676,0.0,1198.0142018568154,15.0
773,A,0.9877842654811859,1.0,4.0,0.23201879268261608,0.0,138.33098550747468,2.0
774,A,0.5544888706847078,6.0,3.0,0.8842769011864533,0.0,144.3936796060531,3.0
775,B,1.4487953822455908,6.0,6.0,4.765971497249043,0.0,689.1685128422257,12.0
776,A,3.4199375511066568,2.0,9.0,0.6579778463623992,0.0,920.0974103329892,19.0
777,A,1.5609096795135535,2.0,6.0,1.0267609501809973,0.0,1038.8345756302162,20.0
778,B,0.5842482663128331,3.0,6.0,1.4982703307225667,0.0,963.4844474785757,15.0
779,B,3.0373538425007083,3.0,3.0,0.49542491691489726,0.0,908.9044227715616,14.0
780,B,3.004303542960709,1.0,10.0,3.1994364325562814,0.0,466.5886522698276,7.0
781,B,0.6802960041912045,5.0,6.0,0.48086676253738675,0.0,1314.9561101825554,17.0
782,B,0.6976001176314945,3.0,6.0,0.6217847914865147,0.0,1766.997753187411,26.0
783,A,2.6165846868554423,2.0,6.0,3.064132608063322,0.0,1466.5108818062567,28.0
784,A,0.6978163717758566,4.0,4.0,2.2432362614257713,0.0,1283.6545025846724,25.0
785,A,0.5913950056417707,1.0,7.0,0.1315911795122111,0.0,1402.2322032518905,26.0
786,B,0.8461670327493472,4.0,10.0,0.5312002251016783,0.0,270.1569798692434,5.0
787,B,2.561265182421603,4.0,8.0,1.4471402153264386,0.0,832.1901835881857,20.0
788,A,1.85604899936531,2.0,6.0,3.3151346400242447,0.0,571.4901832524004,15.0
789,A,0.5343887090206685,4.0,6.0,0.9573271363174852,0.0,780.6072297684041,16.0
790,B,2.2356110189166176,7.0,7.0,0.7767072213384029,0.0,601.5657134695086,10.0
791,A,0.8143090436832924,3.0,2.0,2.043059224351106,0.0,37.71621870683642,1.0
792,B,3.4482303812010033,4.0,5.0,0.33484078442379556,1.0,1000.8929309467661,19.0
793,B,3.694598699056935,3.0,8.0,1.2072471007894974,0.0,1144.82585679792,18.0
794,B,0.45549745540264697,2.0,7.0,4.1414748855506245,0.0,1116.1389071362166,25.0
795,A,3.5266446124314164,3.0,6.0,0.2263027627865272,0.0,758.395062914728,15.0
796,B,2.5016319906468096,2.0,12.0,1.690513213427393,0.0,1233.423704666311,24.0
797,B,3.602128497532426,2.0,4.0,4.2129777855406285,0.0,551.3391628878505,10.0
798,B,1.3809434503608644,4.0,3.0,0.4359940973119918,0.0,87.4590141111133,2.0
799,B,1.7404399644587738,4.0,8.0,0.3653805463370961,0.0,332.8699489255217,6.0
800,B,1.5589341753746626,4.0,4.0,1.7140499514348413,1.0,193.32680888937716,3.0
801,B,1.6091945390596207,4.0,12.0,1.244739703435048,0.0,1480.511556088631,19.0
802,A,0.8415006979431117,3.0,4.0,1.6662680789151634,1.0,672.5491025187255,12.0
803,B,3.030691841210022,5.0,6.0,2.158635119760834,0.0,230.8814112088949,5.0
804,B,5.023831656286725,3.0,13.0,3.1658528468522453,0.0,461.08938255663145,7.0
805,A,0.29700341275066,6.0,7.0,0.40442145826227904,0.0,340.2912218927891,7.0
806,B,4.148779161894442,3.0,2.0,2.7830745275091116,0.0,218.84661643235196,7.0
807,B,1.2080454981839497,1.0,5.0,5.703650863131326,0.0,1482.5571884611231,27.0
808,B,2.123820483748272,6.0,3.0,1.0158477064780222,0.0,558.4779289672673,10.0
809,A,0.1892340601557037,3.0,8.0,0.8653971176798864,0.0,283.72129484620007,7.0
810,A,0.2597351348037133,3.0,6.0,0.02551000068296281,0.0,502.5989610699612,11.0
811,B,0.953619927073876,6.0,9.0,0.4623180346290984,0.0,64.77027369342383,1.0
812,B,1.033667125454784,5.0,11.0,1.6010756886954605,0.0,536.4022257837056,11.0
813,A,2.7200395177128622,1.0,3.0,0.24662339277753137,0.0,1360.2018219240088,20.0
814,B,1.6865581939583707,4.0,4.0,0.2347382630831894,0.0,1332.5531535065866,23.0
815,B,1.011587685075176,3.0,7.0,0.6817469611317399,0.0,478.1070376987168,7.0
816,B,1.134190608026545,2.0,2.0,0.4661051055823363,0.0,248.83956246011107,6.0
817,B,2.089682743968588,3.0,8.0,1.0102296456078712,0.0,188.98646372288914,6.0
818,A,0.735640524015787,2.0,4.0,0.14489932968741204,0.0,1870.4121262918745,29.0
819,A,5.341736110426085,4.0,5.0,0.41115043168320875,0.0,490.35625062022615,11.0
820,A,3.188803308966248,3.0,3.0,0.15807092383028892,0.0,756.9780226369115,17.0
821,B,2.4785441785135287,4.0,3.0,0.23580337914594662,0.0,883.4047989595439,13.0
822,A,4.080723568378093,3.0,5.0,1.7660451259539633,0.0,146.73656599932653,3.0
823,A,2.358372584478372,2.0,8.0,0.04420485820271336,0.0,998.3485459968905,16.0
824,A,1.7882292156813748,3.0,8.0,1.4424833749077077,0.0,162.4520697410497,5.0
825,B,2.435068736097796,4.0,4.0,0.0647194360620406,0.0,688.4778162157244,16.0
826,B,2.4511012075086107,4.0,4.0,2.1388488849883953,0.0,786.2843444967979,13.0
827,A,0.5724685335694922,1.0,5.0,0.22746943159979693,0.0,1244.551804410387,28.0
828,A,1.163619838803481,2.0,5.0,4.355042994125057,0.0,108.22638306455666,2.0
829,B,0.6223749592815246,8.0,15.0,1.8844942991950784,0.0,156.80210802807488,2.0
830,A,1.9159276516192132,2.0,8.0,4.056701583744578,0.0,1218.0523119036675,23.0
831,A,2.2604221397388904,3.0,5.0,0.3833124374557549,0.0,1188.8111835923198,26.0
832,A,0.40918090991474904,5.0,4.0,1.429514927628127,1.0,1234.404207594814,26.0
833,A,1.0002624393733461,3.0,3.0,0.0426074208674458,0.0,373.16727376495305,7.0
834,A,1.0935321904948436,6.0,7.0,4.027714106684315,0.0,1285.0890359132322,28.0
835,A,1.06006624929355,2.0,4.0,1.1103182713248312,0.0,393.6556004553688,10.0
836,A,0.46429519839637695,5.0,4.0,0.06627763919163174,0.0,240.72980120157337,5.0
837,B,0.9708369762789377,3.0,6.0,2.46446293169913,0.0,1235.6950404055385,19.0
838,A,3.7723216860297017,6.0,5.0,0.6289657564443089,0.0,778.4035067720557,15.0
839,B,1.8183159806912514,4.0,8.0,2.159893793624912,0.0,823.5349856556375,19.0
840,B,3.4989962107506174,3.0,4.0,0.24274196185189428,0.0,1086.1396590537936,29.0
841,A,0.9737294064701094,6.0,3.0,0.11994444180456167,0.0,345.06660252471954,12.0
842,B,6.743876523938886,5.0,14.0,0.6880220317379132,0.0,867.5086316823881,19.0
843,A,0.49667773670077286,3.0,5.0,0.748702438430971,0.0,539.2223175875156,10.0
844,B,2.1818202257143597,6.0,8.0,0.2774361775307237,0.0,1027.3311721950581,18.0
845,A,3.8329001233006497,4.0,4.0,1.6626591657847807,0.0,1314.3186471781976,22.0
846,A,3.1908063252627272,3.0,6.0,0.9520058599955896,0.0,789.2664733585626,17.0
847,A,1.2986725971247297,2.0,5.0,0.7260861030892811,0.0,932.1768777750161,20.0
848,B,2.8458390504083995,7.0,6.0,3.702667411903404,0.0,1300.025084475217,25.0
849,B,0.5610376501943816,7.0,9.0,2.7479701077449263,0.0,428.05378323235243,6.0
850,B,2.79650977557388,3.0,5.0,0.45010825790732034,0.0,126.01105672803246,2.0
851,A,0.7941562792555149,5.0,5.0,0.19031389081660155,1.0,852.316549891657,20.0
852,B,5.66389683781956,3.0,7.0,0.8350022236155934,0.0,878.4149376350705,19.0
853,A,0.23748235865957706,4.0,2.0,0.4214351982170299,0.0,533.2377303867768,11.0
854,B,0.9679893017097114,3.0,6.0,6.799296699915831,0.0,1693.97312605922,26.0
855,A,1.6950756652920744,2.0,5.0,0.15827960539654262,0.0,355.3462510846077,8.0
856,A,0.7484443225972209,0.0,3.0,2.4714788047191547,0.0,967.1408358095214,15.0
857,A,1.1419777852336839,0.0,3.0,0.21795460241866493,0.0,102.49212884771862,2.0
858,A,3.6129001927596636,5.0,5.0,1.357185794690027,0.0,484.92303274795,17.0
859,B,1.163040255054726,3.0,8.0,1.8035894070484273,0.0,438.46211220866223,6.0
860,A,0.7026845913224112,6.0,4.0,0.6295143447594532,0.0,1281.2229661573651,23.0
861,B,3.091685325194894,7.0,3.0,3.230465312166919,1.0,1024.3798573514457,20.0
862,A,1.6436396950519572,1.0,3.0,0.38423321847040093,0.0,403.148389364226,6.0
863,B,1.8022375280017042,4.0,7.0,0.6146570384604886,0.0,1397.3645890787236,23.0
864,A,2.0049377254653384,2.0,4.0,1.5302636694059313,0.0,1156.9042905590125,21.0
865,A,2.6637846719047493,5.0,2.0,0.9159753180801795,0.0,1733.204639486676,28.0
866,B,0.2844958685474362,5.0,8.0,0.4715786466671561,0.0,979.1131327934198,22.0
867,A,1.078478170942737,4.0,6.0,0.7666021479523666,0.0,738.0335589546203,13.0
868,A,0.9921171820219904,3.0,7.0,1.3478678029371234,0.0,1737.3853205142664,29.0
869,B,1.2177102625126783,2.0,9.0,3.064184713119706,0.0,799.4855405746895,15.0
870,B,4.2888018537003445,5.0,4.0,2.3159123640353947,1.0,265.77559893316936,6.0
871,A,0.9737335777304706,2.0,3.0,1.013749790130411,1.0,1723.265036352966,29.0
872,A,1.5311391574531292,0.0,5.0,0.5424972201665473,0.0,476.300165246864,8.0
873,B,1.440739528727791,6.0,13.0,2.2849899823333875,0.0,1956.4015118127356,28.0
874,A,3.1022889324236624,4.0,4.0,1.2282740815762878,0.0,584.8343700811298,11.0
875,A,0.9384049582101892,5.0,6.0,1.6607164691139296,0.0,492.7450751145963,15.0
876,A,0.0610638285530194,2.0,6.0,0.04058383572682274,0.0,508.3923317472139,13.0
877,B,1.4398624956759818,10.0,5.0,1.6087590560335558,0.0,146.93607298528948,3.0
878,B,2.9667027941034663,2.0,6.0,1.6582927985062161,0.0,663.0847903457609,11.0
879,A,2.1618085368744038,3.0,2.0,0.9406788912438191,0.0,707.2278258317293,18.0
880,A,1.2282590980698564,7.0,2.0,0.0891207674589774,0.0,445.39267959934466,18.0
881,A,1.6977887688293205,5.0,5.0,0.3094396330938871,0.0,1141.3088271265192,25.0
882,B,2.234817803759672,6.0,4.0,2.6613220370898123,0.0,500.9837032052876,8.0
883,A,0.24768092991861754,3.0,2.0,1.2332061522213968,0.0,1090.6304513422,17.0
884,A,0.7508992912142495,1.0,7.0,3.016989433756182,0.0,783.9972575210721,22.0
885,B,1.3839072749479129,7.0,1.0,0.6294282872832682,0.0,2307.723267067025,25.0
886,A,2.041702887922184,3.0,4.0,3.2158827903794194,0.0,744.6497720356844,13.0
887,B,1.1042663299376554,3.0,9.0,0.8701023809416091,0.0,1139.8461014931077,22.0
888,A,0.36063188524801415,4.0,5.0,0.1087657357425349,0.0,1603.4401488851545,29.0
889,A,1.6409787488486147,1.0,7.0,0.8147781148426836,0.0,156.89906272131807,3.0
890,A,1.13475309527006,3.0,5.0,1.3120269061165384,0.0,1792.948357300239,29.0
891,B,8.710968826291696,5.0,6.0,4.105782607012288,0.0,822.1366745616891,18.0
892,B,3.851563176422181,2.0,11.0,0.7388407922194272,0.0,920.2671530553928,17.0
893,B,2.450500855187547,4.0,8.0,1.58068037761655,0.0,851.0825261809274,19.0
894,A,0.6207709276146416,3.0,7.0,0.23861652938379016,0.0,1041.3240383872778,21.0
895,B,2.554470870006235,3.0,6.0,2.4256199009766437,0.0,933.857219502224,19.0
896,A,0.5769476722199542,4.0,1.0,2.175016017706017,0.0,1565.1658957824197,24.0
897,A,0.46839719075833314,1.0,3.0,2.0452458529386703,0.0,336.03561519805254,7.0
898,B,1.616333729395733,3.0,10.0,18.991432429682344,0.0,1529.4937808442205,24.0
899,A,1.2232989139063037,2.0,4.0,3.504849149948206,0.0,1549.575531376026,29.0
900,A,1.333490569175148,3.0,9.0,0.012783334932993398,1.0,583.0077555931755,12.0
901,A,0.8654243329111255,2.0,4.0,0.3663290998480504,0.0,163.04808674317934,4.0
902,A,0.44124197280527616,1.0,5.0,2.6333153106199587,0.0,876.8194792871878,24.0
903,A,1.607324637346454,1.0,6.0,1.6656328513797236,0.0,1505.3153092051475,27.0
904,B,2.216919528367637,1.0,5.0,1.1428906235684941,1.0,985.7346581262402,21.0
905,A,2.1890380523384168,3.0,6.0,3.372001244887408,0.0,1713.7674241745349,27.0
906,B,1.4955143728887081,6.0,5.0,1.117557345015968,0.0,1049.642065158377,17.0
907,B,0.8982030755588687,3.0,5.0,3.697782234950774,0.0,1678.24921291663,27.0
908,A,1.8204093418740321,0.0,3.0,0.08831929247494237,0.0,1363.4801599712475,26.0
909,A,4.188699238427987,3.0,3.0,1.3630939589056053,0.0,606.5346935000667,11.0
910,A,1.0090662578402418,1.0,5.0,1.2626328856738003,0.0,482.39496318911205,14.0
911,B,2.275506084046518,7.0,5.0,3.274678224492493,0.0,231.96991262463737,4.0
912,A,2.902395316888877,1.0,7.0,0.05448944854366808,0.0,969.3464070336444,18.0
913,B,1.4030390052539292,6.0,7.0,2.6266520548143792,0.0,441.2387365965324,7.0
914,A,0.6748613181064793,7.0,6.0,1.0808456361679704,0.0,204.42900335330975,7.0
915,B,2.354924507000931,3.0,3.0,1.244369812235092,0.0,257.33592401107035,5.0
916,A,0.5832208599859833,3.0,6.0,1.4105689869793618,0.0,190.22097350160237,5.0
917,A,1.2810716265401505,2.0,4.0,0.3184782276878838,0.0,1013.4708503101735,16.0
918,B,2.651723338288718,3.0,8.0,0.7829442961207659,0.0,805.1450778442477,26.0
919,B,2.4376141222211434,2.0,5.0,1.8767173072096353,0.0,1615.623580476956,29.0
920,A,3.33690591353458,4.0,7.0,0.478923376564214,0.0,551.501504539707,11.0
921,B,0.8393344106923147,4.0,8.0,4.178552175479961,0.0,895.0321468493,16.0
922,A,0.9223281629342303,4.0,4.0,1.5339248461908146,0.0,1123.2839194888081,22.0
923,B,1.293754640758896,5.0,4.0,4.304496924115911,0.0,303.348750124621,6.0
924,B,1.4230675582952432,6.0,6.0,0.22969597067583003,0.0,878.8435429289208,14.0
925,A,0.24747356961038067,0.0,8.0,0.947516461022049,0.0,166.61403805539643,3.0
926,A,2.160533224956595,3.0,5.0,2.9280366090976715,0.0,927.7008337913575,16.0
927,A,1.0977297038797724,3.0,5.0,0.628696061304549,0.0,520.2089783509398,11.0
928,B,3.3093698621483214,5.0,19.0,1.1184577189498175,0.0,1668.4634446541043,26.0
929,B,3.200702229956959,1.0,5.0,1.249937918095722,0.0,1152.3577446420863,20.0
930,A,1.458009762884846,7.0,4.0,0.4652180574092143,0.0,529.2917381821837,10.0
931,A,0.6106206397835694,3.0,5.0,6.286211203380721,0.0,1134.0122081029333,23.0
932,B,1.0169690755676353,8.0,6.0,7.598761211457604,0.0,112.36732654167172,2.0
933,B,0.6093615373924138,8.0,6.0,2.26639513922764,0.0,1740.633972285729,25.0
934,B,6.939224737038246,3.0,3.0,1.045953019580281,0.0,758.0142245955378,18.0
935,A,1.2720515915329298,2.0,2.0,3.6309683716503587,0.0,797.6434798402759,23.0
936,A,0.289833873360377,4.0,3.0,0.04413200855848893,0.0,92.90987023950035,2.0
937,A,3.810399468159796,2.0,7.0,2.2092733366357233,0.0,866.0875768028735,16.0
938,B,2.3746217328694033,6.0,3.0,0.05280681660482578,0.0,918.4227643115565,18.0
939,A,2.4401872177056902,2.0,5.0,0.17536505607546332,0.0,784.5529685474988,17.0
940,B,0.5384573943374517,4.0,7.0,1.6665901312591123,0.0,870.6597974479242,13.0
941,A,1.229068055223485,3.0,6.0,0.04180496966936598,0.0,462.4092497827503,10.0
942,B,1.1485845455473962,3.0,10.0,0.2020199319391634,0.0,1720.0204130962857,28.0
943,B,3.397423682698242,7.0,7.0,3.596963514698616,0.0,939.2336272266301,18.0
944,B,5.93089886173242,3.0,9.0,2.792840192119438,0.0,1014.6769203179043,17.0
945,A,2.1194543446899448,0.0,7.0,0.47967892887800945,0.0,1040.7957878227116,18.0
946,A,0.676377177026704,0.0,2.0,0.4707226349664191,0.0,619.3342666525135,12.0
947,A,2.366904543031164,3.0,7.0,2.5665313773700085,0.0,428.15001219178765,8.0
948,B,5.337247125449059,4.0,11.0,1.234258945883708,0.0,629.4795306380962,13.0
949,B,2.3086935852860235,7.0,7.0,1.1214705570584442,0.0,1594.1902323131483,28.0
950,B,1.7742637845281921,4.0,6.0,4.552645291235129,0.0,759.0800383935266,12.0
951,B,0.7739419591323511,6.0,9.0,0.6806426509075982,0.0,211.50726782151287,3.0
952,B,1.8803669238445821,5.0,2.0,0.5727524165454024,0.0,1384.4791633596078,22.0
953,A,0.8895287445374349,4.0,5.0,1.8602667826477108,0.0,911.324676478069,27.0
954,B,0.8633798796378687,11.0,3.0,5.6002465352818005,1.0,499.5449542471534,7.0
955,A,0.8385878571954728,6.0,5.0,5.9938756509999696,0.0,1416.5632027756362,26.0
956,A,0.4988886169191486,4.0,7.0,1.8646573637290327,0.0,116.74673353718359,3.0
957,B,1.3032675387116952,3.0,6.0,3.3135395667718623,1.0,37.688337934935944,1.0
958,A,1.5928663584028164,2.0,6.0,0.812586033934163,1.0,1343.3792983001872,27.0
959,A,1.1886908500010378,2.0,5.0,1.8006070710330173,0.0,787.359336110474,20.0
960,B,3.08960484053152,4.0,8.0,3.4365599975433327,0.0,142.2372584983142,5.0
961,A,2.9647982239311896,8.0,0.0,11.283323214169357,0.0,1423.902107387828,24.0
962,B,1.4900828127440973,2.0,9.0,0.4343075872546796,0.0,605.0202352927637,21.0
963,A,0.44586389626052403,4.0,7.0,1.8575455889087538,0.0,204.88823751336838,3.0
964,A,1.5981083052787444,3.0,5.0,2.15121999050927,0.0,291.14549013616835,6.0
965,A,2.60229521501118,1.0,5.0,4.17978845165066,0.0,96.86220849281645,2.0
966,A,1.351295065034865,2.0,6.0,0.18096719334533795,0.0,180.92248997090468,3.0
967,B,1.418067938704991,3.0,10.0,0.30932560188330077,0.0,68.39267986336542,1.0
968,A,0.8757298925344176,1.0,8.0,1.830073471790016,1.0,947.220795675983,17.0
969,B,1.707387835834271,0.0,8.0,0.05274862884223126,0.0,248.97699718303264,4.0
970,A,1.325621994516598,3.0,4.0,2.8537612871512668,0.0,443.5845533867292,9.0
971,B,7.5662471794979975,5.0,7.0,0.5411033028601315,0.0,1205.8859001619624,26.0
972,B,0.7048014535276759,5.0,7.0,2.976127037655497,0.0,50.38127235591882,1.0
973,B,2.148355106294245,2.0,7.0,0.5489747959699313,1.0,767.4904823513924,13.0
974,A,2.808392402145336,4.0,6.0,4.631067568716055,0.0,214.72839543098732,4.0
975,A,2.807609348586242,0.0,4.0,0.35542505376209943,0.0,1546.5589622376672,22.0
976,A,1.0631882524970135,2.0,1.0,1.0515543493665818,0.0,995.4698069592268,23.0
977,B,5.046730411169234,3.0,4.0,2.6120353020470457,0.0,648.4847517410158,14.0
978,A,2.775082885849113,5.0,3.0,1.7117545305298694,0.0,88.2822801432416,2.0
979,A,1.1461226687350756,5.0,4.0,0.4264670983425156,0.0,1390.7179866046054,24.0
980,B,1.703797222090586,6.0,10.0,0.5804593372883783,0.0,677.9042449777282,15.0
981,A,2.10314399711806,3.0,5.0,1.3762103839499007,0.0,1991.4816276680774,28.0
982,B,3.8069937663120252,3.0,7.0,1.0060208110930817,0.0,801.466511402081,17.0
983,A,1.7337770954320433,1.0,4.0,0.44675777746373946,0.0,465.94943584995656,9.0
984,A,0.8472396183663019,3.0,5.0,0.6084759841779042,0.0,460.6614285043278,14.0
985,B,0.5724731556370893,4.0,6.0,8.168268519803153,0.0,553.3673624659098,12.0
986,A,0.5158566866778944,2.0,2.0,0.873801205992627,0.0,1401.4993366653073,26.0
987,B,1.525971367287839,5.0,12.0,0.5615763965624271,0.0,388.7120437307851,7.0
988,A,2.64849746231622,5.0,2.0,1.1299513096761407,0.0,492.2556602505264,11.0
989,A,3.1522092777568727,1.0,5.0,0.8950270563342002,0.0,109.5232375981185,2.0
990,B,0.9400854503211304,2.0,8.0,0.9443980821537982,0.0,1723.9994941459381,23.0
991,B,1.6910275458205295,4.0,11.0,0.7164585324446178,0.0,815.3786688930154,19.0
992,B,1.7164991390321211,4.0,7.0,0.23222508266108058,0.0,1244.7895343348127,23.0
993,A,1.5708703927804615,3.0,5.0,1.0194449855651568,0.0,764.5417140497781,21.0
994,B,1.844247509168649,6.0,8.0,1.3462740207058455,0.0,181.5821654724228,3.0
995,A,1.1449375064530443,3.0,5.0,0.531991366530026,0.0,70.48420434127962,2.0
996,A,0.3926226742176609,4.0,6.0,0.2596831718199711,0.0,1269.8449428849378,27.0
997,B,3.071306451469454,3.0,13.0,0.9518523887892641,0.0,1105.6796917235897,18.0
998,A,2.602747786786032,2.0,4.0,0.07276152039742308,0.0,332.6124945640812,5.0
999,B,0.17903834964542995,3.0,11.0,2.3741467208355562,0.0,1272.1664096571933,26.0
1000,A,1.4418548420439365,2.0,9.0,0.327194318386123,1.0,253.98680376697538,7.0
